{"schemaVersion":"1.0","appDefinitionTemplate":{"id":"/providers/Microsoft.PowerApps/apps/","type":"Microsoft.PowerApps/apps","tags":{"primaryDeviceWidth":"1366","primaryDeviceHeight":"768","supportsPortrait":"false","supportsLandscape":"true","primaryFormFactor":"Tablet","publisherVersion":"3.23093.15","minimumRequiredApiVersion":"2.2.0","hasComponent":"false","hasUnlockedComponent":"false","isUnifiedRootApp":"false","sienaVersion":"20231003T142912Z-3.23093.15.0","showStatusBar":"false"},"properties":{"appVersion":"2023-10-03T14:29:12Z","lifeCycleId":"Published","createdByClientVersion":{"major":3,"minor":23093,"build":15,"revision":0,"majorRevision":0,"minorRevision":0},"minClientVersion":{"major":3,"minor":23093,"build":15,"revision":0,"majorRevision":0,"minorRevision":0},"backgroundColor":"rgba(0, 138, 0, 1)","backgroundImageUri":"/11016330064824280026/Nca62d365-1acb-4e5b-99a8-f32f4315db2a-logoSmallFile","displayName":"DX Onboarding","description":"Allows new team members to view an onboarding checklist, see their team and access links to team content. (VERY FINAL BUILD!)","commitMessage":"","appUris":{"documentUri":{"value":"/11016330064824280026/N66a146ab-e2de-4a5b-a194-d74014c37066-document.msapp"},"imageUris":[],"additionalUris":[]},"createdTime":"0001-01-01T00:00:00Z","lastModifiedTime":"0001-01-01T00:00:00Z","sharedGroupsCount":0,"sharedUsersCount":0,"connectionReferences":{"37a5ec9e-a1ba-27e5-3d4e-73ffa46c2543":{"id":"70bef204-d2bc-498a-9b3e-417b9198869f","displayName":"Outlook Tasks","iconUri":"https://connectoricons-prod.azureedge.net/releases/v1.0.1627/1.0.1627.3238/outlooktasks/icon.png","dataSources":["OutlookTasks"],"dependencies":[],"dependents":[],"parameterHints":{},"parameterHintsV2":{},"isOnPremiseConnection":false,"bypassConsent":false,"dataSets":{},"apiTier":"Standard","isCustomApiConnection":false,"actions":["GetTaskGroups","GetTaskFolders","CreateTaskFolder"]},"9de17116-98f2-8e4f-f89b-97730c16f0d5":{"id":"337f8040-54a6-4701-8b76-9771b4cc4793","displayName":"Office 365 Outlook","iconUri":"https://connectoricons-prod.azureedge.net/u/henryorsborn/partial-builds/asev3migrations-with-resourceTemplate/1.0.1653.3403/office365/icon.png","dataSources":["Office365"],"dependencies":[],"dependents":[],"parameterHints":{},"parameterHintsV2":{},"isOnPremiseConnection":false,"bypassConsent":false,"dataSets":{},"apiTier":"Standard","isCustomApiConnection":false},"f537feec-0c98-5a55-7e93-32b7072534ed":{"id":"561eede4-2386-4b36-aeab-58187af301d6","displayName":"Office 365 Users","iconUri":"https://connectoricons-prod.azureedge.net/u/henryorsborn/partial-builds/asev3migrations-with-resourceTemplate/1.0.1653.3403/office365users/icon.png","dataSources":["Office365Users"],"dependencies":[],"dependents":[],"parameterHints":{},"parameterHintsV2":{},"isOnPremiseConnection":false,"bypassConsent":false,"dataSets":{},"apiTier":"Standard","isCustomApiConnection":false,"actions":["MyProfile","UserPhotoMetadata","UserPhoto","DirectReports","Manager","UserProfile","RelevantPeople"]},"27335a60-aa86-4280-94ac-5cb92616b637":{"id":"cb16d7dd-1fc6-4e6c-ab39-2394c25cceba","displayName":"SharePoint","iconUri":"https://connectoricons-prod.azureedge.net/releases/v1.0.1656/1.0.1656.3432/sharepointonline/icon.png","dataSources":["Admin"],"dependencies":[],"dependents":[],"parameterHints":{},"parameterHintsV2":{},"isOnPremiseConnection":false,"bypassConsent":false,"dataSets":{"https://lexmarkad.sharepoint.com/sites/DX_OnboardingSP":{"dataSources":{"Admin":{"tableName":"1d6486bd-d17f-4a31-92cd-43b99b9c4af7"}}}},"apiTier":"Standard","isCustomApiConnection":false,"actions":["providers/PowerPlatform.Governance/Operations/Read","providers/PowerPlatform.Governance/Operations/Write"]},"4cbed70e-6ccb-4fd7-815d-8bfb238eb1aa":{"id":"cb16d7dd-1fc6-4e6c-ab39-2394c25cceba","displayName":"SharePoint","iconUri":"https://connectoricons-prod.azureedge.net/releases/v1.0.1656/1.0.1656.3432/sharepointonline/icon.png","dataSources":["DX_Onboarding_Tasks"],"dependencies":[],"dependents":[],"parameterHints":{},"parameterHintsV2":{},"isOnPremiseConnection":false,"bypassConsent":false,"dataSets":{"https://lexmarkad.sharepoint.com/sites/DX_OnboardingSP":{"dataSources":{"DX_Onboarding_Tasks":{"tableName":"a6dd9840-df2a-4703-826d-f8cf4efe258c"}}}},"apiTier":"Standard","isCustomApiConnection":false,"actions":["providers/PowerPlatform.Governance/Operations/Read","providers/PowerPlatform.Governance/Operations/Write","providers/PowerPlatform.Governance/Operations/Delete"]},"a10620e8-2a45-478e-a0ea-fe7d0513bb14":{"id":"cb16d7dd-1fc6-4e6c-ab39-2394c25cceba","displayName":"SharePoint","iconUri":"https://connectoricons-prod.azureedge.net/releases/v1.0.1656/1.0.1656.3432/sharepointonline/icon.png","dataSources":["DX_Onboarding_Links"],"dependencies":[],"dependents":[],"parameterHints":{},"parameterHintsV2":{},"isOnPremiseConnection":false,"bypassConsent":false,"dataSets":{"https://lexmarkad.sharepoint.com/sites/DX_OnboardingSP":{"dataSources":{"DX_Onboarding_Links":{"tableName":"da5c93eb-536f-4bed-abd2-11735387a5ae"}}}},"apiTier":"Standard","isCustomApiConnection":false,"actions":["providers/PowerPlatform.Governance/Operations/Read"]}},"databaseReferences":{},"almMode":"Environment","performanceOptimizationEnabled":true,"canConsumeAppPass":true,"enableModernRuntimeMode":false,"executionRestrictions":{"isTeamsOnly":false,"dataLossPreventionEvaluationResult":{"status":"Compliant","lastEvaluationDate":"2023-08-02T19:46:15.9960096Z","violations":[],"violationsByPolicy":[],"violationErrorMessage":"The app uses the following connectors: shared_outlooktasks, shared_office365, shared_office365users, shared_sharepointonline, shared_logicflows."},"httpActionRestriction":{"appUsesSharepointHttpAction":false,"enforcementStrategy":"Legacy","evaluationTime":"2023-08-02T19:46:15.9959644Z"}}},"appType":"ClassicCanvasApp","appComponents":[]}}