{"schemaVersion":"1.0","appDefinitionTemplate":{"id":"/providers/Microsoft.PowerApps/apps/","type":"Microsoft.PowerApps/apps","tags":{"primaryDeviceWidth":"1136","primaryDeviceHeight":"640","supportsPortrait":"true","supportsLandscape":"true","primaryFormFactor":"Phone","publisherVersion":"3.22102.32","minimumRequiredApiVersion":"2.2.0","hasComponent":"false","hasUnlockedComponent":"false","isUnifiedRootApp":"false","sienaVersion":"20221025T065313Z-3.22102.32.0"},"properties":{"appVersion":"2022-10-25T06:53:13Z","lifeCycleId":"Published","createdByClientVersion":{"major":3,"minor":22102,"build":32,"revision":0,"majorRevision":0,"minorRevision":0},"minClientVersion":{"major":3,"minor":22102,"build":32,"revision":0,"majorRevision":0,"minorRevision":0},"backgroundColor":"RGBA(0,176,240,1)","backgroundImageUri":"/5400205716620752236/Nf71eb0a4-afa1-430b-b329-0497c2abd2a3-logoSmallFile","displayName":"[CDM] - Partner missing report notifications","description":"","commitMessage":"","appUris":{"documentUri":{"value":"/5400205716620752236/N1701136b-3efc-4ae1-bf1b-c65c5b213437-document.msapp"},"imageUris":[],"additionalUris":[]},"createdTime":"0001-01-01T00:00:00Z","lastModifiedTime":"0001-01-01T00:00:00Z","sharedGroupsCount":0,"sharedUsersCount":0,"icons":{"smallIconUri":"/5400205716620752236/N3aebed87-a27c-4120-bd1a-7ccdada7060d-small.png","mediumIconUri":"/5400205716620752236/N3ba8ebef-05a0-4d0d-b45e-be4b322c9a99-medium.png","largeIconUri":"/5400205716620752236/N6f8f20a2-5bd4-4251-b27a-0e1a88c82ee6-large.png","wideIconUri":"/5400205716620752236/Ncf244b5a-8a6c-4557-b22b-cb72599fdfde-wide.png"},"connectionReferences":{"2d21c093-1040-4664-93e9-d48985d49506":{"id":"92ba8e2a-c32e-4df5-a91e-cce11553e196","displayName":"Office 365 Users","iconUri":"https://connectoricons-prod.azureedge.net/releases/v1.0.1593/1.0.1593.2980/office365users/icon.png","dataSources":["Office365Users"],"dependencies":[],"dependents":[],"parameterHints":{},"parameterHintsV2":{},"isOnPremiseConnection":false,"bypassConsent":false,"dataSets":{},"apiTier":"Standard","isCustomApiConnection":false},"18db996b-f0cd-4aad-ab51-a800f18939fd":{"id":"0b39baf0-6228-4d30-a086-f3e0ded9d311","displayName":"SharePoint","iconUri":"https://connectoricons-prod.azureedge.net/releases/v1.0.1607/1.0.1607.3068/sharepointonline/icon.png","dataSources":["Power App - Missing Reports Email Notif"],"dependencies":[],"dependents":[],"parameterHints":{},"parameterHintsV2":{},"isOnPremiseConnection":false,"bypassConsent":false,"dataSets":{"https://lexmarkad.sharepoint.com/sites/BusinessIntelligence":{"dataSources":{"Power App - Missing Reports Email Notif":{"tableName":"74be981c-dbd2-4ef0-b863-ba5315d7819d"}}}},"apiTier":"Standard","isCustomApiConnection":false,"actions":["providers/PowerPlatform.Governance/Operations/Read"]},"798133ed-ba49-49cf-bfe9-2204ae10c126":{"id":"0343d647-80fa-45f5-bf76-84b0533a02fd","displayName":"Excel Online (Business)","iconUri":"https://connectoricons-prod.azureedge.net/releases/v1.0.1600/1.0.1600.3026/excelonlinebusiness/icon.png","dataSources":["Main"],"dependencies":[],"dependents":["a4a49293-78e0-4a2c-9f05-021cff2a07a4"],"parameterHints":{},"parameterHintsV2":{},"isOnPremiseConnection":false,"bypassConsent":false,"dataSets":{"groups%252F805cd21f-144e-46cf-83e3-3c9ae0995e1e,b%2521GWMnaoZve02yhJTFdfqkQeCRatpjmZZPoOwR16ZZciWjwNKH0DFvSbHJJ8GNDd1G,0153VD2F343X7ZZ2R3ZVH25ON5WCWZHRVF":{"dataSources":{"Main":{"tableName":"{91B078C3-6346-4882-B7DC-FCFC68EB1511}"}}}},"apiTier":"Standard","isCustomApiConnection":false,"actions":["providers/PowerPlatform.Governance/Operations/Read","providers/PowerPlatform.Governance/Operations/Write"]},"a4a49293-78e0-4a2c-9f05-021cff2a07a4":{"id":"ae12396c-a24d-4f5c-bd06-470fa129e09e","displayName":"Logic flows","iconUri":"https://connectoricons-prod.azureedge.net/releases/v1.0.1534/1.0.1534.2605/logicflows/icon.png","dataSources":["EmailFollow-UpAutomation"],"dependencies":["798133ed-ba49-49cf-bfe9-2204ae10c126","c524eba7-2122-48d6-8ea1-87ef1c258aa2","cc661423-a648-485c-a012-8a768a48377a","e6946e4c-889c-43e1-9607-6bf5b90c21fb"],"dependents":[],"parameterHints":{"workflowName":{"value":"bcc1b734-9421-4bf9-95cf-8d8081f1324d"},"workflowEntityId":{},"798133ed-ba49-49cf-bfe9-2204ae10c126":{"value":"shared_excelonlinebusiness"},"c524eba7-2122-48d6-8ea1-87ef1c258aa2":{"value":"shared_office365"},"cc661423-a648-485c-a012-8a768a48377a":{"value":"shared_sendmail_3"},"e6946e4c-889c-43e1-9607-6bf5b90c21fb":{"value":"shared_sendmail_2"}},"parameterHintsV2":{"workflowName":{"value":"bcc1b734-9421-4bf9-95cf-8d8081f1324d"},"workflowEntityId":{},"shared_excelonlinebusiness":{"value":"798133ed-ba49-49cf-bfe9-2204ae10c126"},"shared_office365":{"value":"c524eba7-2122-48d6-8ea1-87ef1c258aa2"},"shared_sendmail_3":{"value":"cc661423-a648-485c-a012-8a768a48377a"},"shared_sendmail_2":{"value":"e6946e4c-889c-43e1-9607-6bf5b90c21fb"}},"isOnPremiseConnection":false,"bypassConsent":false,"dataSets":{},"apiTier":"Standard","isCustomApiConnection":false,"actions":["Run"],"nestedActions":[{"id":"/providers/Microsoft.PowerApps/apis/shared_excelonlinebusiness/apiOperations/GetItems","apiName":"Excel Online (Business)","actionName":"GetItems","referencedResources":[]},{"id":"/providers/Microsoft.PowerApps/apis/shared_office365/apiOperations/SendEmailV2","apiName":"Office 365 Outlook","actionName":"SendEmailV2","referencedResources":[]},{"id":"/providers/Microsoft.PowerApps/apis/shared_excelonlinebusiness/apiOperations/PatchItem","apiName":"Excel Online (Business)","actionName":"PatchItem","referencedResources":[]}]},"c524eba7-2122-48d6-8ea1-87ef1c258aa2":{"id":"11891ef7-8334-4446-bae2-896c50819e36","displayName":"Office 365 Outlook","iconUri":"https://connectoricons-prod.azureedge.net/releases/v1.0.1599/1.0.1599.3017/office365/icon.png","dataSources":[],"dependencies":[],"dependents":["a4a49293-78e0-4a2c-9f05-021cff2a07a4"],"parameterHints":{},"parameterHintsV2":{},"isOnPremiseConnection":false,"bypassConsent":false,"dataSets":{},"apiTier":"Standard","isCustomApiConnection":false},"cc661423-a648-485c-a012-8a768a48377a":{"id":"078b48c4-5cb3-4786-b387-0740e214353a","displayName":"Mail","iconUri":"https://connectoricons-prod.azureedge.net/releases/v1.0.1528/1.0.1528.2589/sendmail/icon.png","dataSources":[],"dependencies":[],"dependents":["a4a49293-78e0-4a2c-9f05-021cff2a07a4"],"parameterHints":{},"parameterHintsV2":{},"isOnPremiseConnection":false,"bypassConsent":false,"dataSets":{},"apiTier":"Standard","isCustomApiConnection":false},"e6946e4c-889c-43e1-9607-6bf5b90c21fb":{"id":"078b48c4-5cb3-4786-b387-0740e214353a","displayName":"Mail","iconUri":"https://connectoricons-prod.azureedge.net/releases/v1.0.1528/1.0.1528.2589/sendmail/icon.png","dataSources":[],"dependencies":[],"dependents":["a4a49293-78e0-4a2c-9f05-021cff2a07a4"],"parameterHints":{},"parameterHintsV2":{},"isOnPremiseConnection":false,"bypassConsent":false,"dataSets":{},"apiTier":"Standard","isCustomApiConnection":false}},"databaseReferences":{"default.cds":{"databaseDetails":{"referenceType":"Environmental","environmentName":"default.cds","overrideValues":{"status":"NotSpecified"}},"dataSources":{"Accounts":{"entitySetName":"accounts","logicalName":"account"}},"actions":["providers/PowerPlatform.Governance/Operations/Read"]}},"almMode":"Environment","performanceOptimizationEnabled":true,"canConsumeAppPass":true,"enableModernRuntimeMode":false,"executionRestrictions":{"isTeamsOnly":false,"dataLossPreventionEvaluationResult":{"status":"Compliant","lastEvaluationDate":"2022-10-25T06:53:37.0395403Z","violations":[],"violationsByPolicy":[],"violationErrorMessage":"The app uses the following connectors: shared_office365users, shared_sharepointonline, shared_excelonlinebusiness, shared_logicflows, shared_office365, shared_sendmail, shared_commondataservice."},"httpActionRestriction":{"appUsesSharepointHttpAction":false,"enforcementStrategy":"Legacy","evaluationTime":"2022-10-25T06:53:37.0393806Z"}}},"appType":"ClassicCanvasApp","appComponents":[]}}