{"name":"1e44e3bb-a662-41e1-b37c-a93d79315c22","id":"/providers/Microsoft.Flow/flows/1e44e3bb-a662-41e1-b37c-a93d79315c22","type":"Microsoft.Flow/flows","properties":{"apiId":"/providers/Microsoft.PowerApps/apis/shared_logicflows","displayName":"[DX - New Onboard] - Notification to Managers","definition":{"metadata":{"workflowEntityId":null,"processAdvisorMetadata":null,"flowChargedByPaygo":null,"flowclientsuspensionreason":"None","flowclientsuspensiontime":null,"flowclientsuspensionreasondetails":null,"creator":{"id":"d0b6b7c4-a439-48fc-ae95-864f1da9cf31","type":"User","tenantId":"12709065-6e6c-41c9-9e4d-fb0a436969ce"},"provisioningMethod":"FromDefinition","failureAlertSubscription":true,"clientLastModifiedTime":"2023-09-04T14:20:57.5281601Z"},"$schema":"https://schema.management.azure.com/providers/Microsoft.Logic/schemas/2016-06-01/workflowdefinition.json#","contentVersion":"1.0.0.0","parameters":{"$connections":{"defaultValue":{},"type":"Object"},"$authentication":{"defaultValue":{},"type":"SecureObject"}},"triggers":{"Recurrence":{"recurrence":{"frequency":"Week","interval":1,"timeZone":"China Standard Time","schedule":{"weekDays":["Wednesday"],"hours":["15"]}},"metadata":{"operationMetadataId":"8607c0b5-7b23-4b25-8a76-a0f71a7ebc6f"},"type":"Recurrence"}},"actions":{"List_rows_present_in_a_table":{"runAfter":{},"metadata":{"0153VD2F7DSKL2UM24TZEIHU7SAGHXHLTZ":"/L. Power Automate/DX Onboarding Email Notification/Managers Email Address.xlsx","operationMetadataId":"91804e94-bfa9-41b4-a284-d9e84f95e21a","tableId":"{7F22A4F9-B815-4D2D-A1AB-4A26D2DB01F9}","01PEWQMFXP5VVPGI5V2BBLSCG6B7BO62Q2":"/General/01. On-Boarding/1. D2V New Onboard Masterlists/2023 New Onboard Masterlists.xlsx"},"type":"OpenApiConnection","inputs":{"host":{"apiId":"/providers/Microsoft.PowerApps/apis/shared_excelonlinebusiness","connectionName":"shared_excelonlinebusiness","operationId":"GetItems"},"parameters":{"source":"groups/805cd21f-144e-46cf-83e3-3c9ae0995e1e","drive":"b!GWMnaoZve02yhJTFdfqkQeCRatpjmZZPoOwR16ZZciWjwNKH0DFvSbHJJ8GNDd1G","file":"0153VD2F7DSKL2UM24TZEIHU7SAGHXHLTZ","table":"{52BD4CA8-98C0-437E-8C97-D9F5CB731AA8}"},"authentication":"@parameters('$authentication')"}},"Apply_to_each_2":{"foreach":"@outputs('List_rows_present_in_a_table')?['body/value']","actions":{"Manager_Emails":{"runAfter":{},"metadata":{"operationMetadataId":"f9b1a603-faaa-43bd-a545-bbcc4d2e5c3d"},"type":"Compose","inputs":"@items('Apply_to_each_2')?['Managers Email Address']"},"Send_an_email_notification_(V3)":{"runAfter":{"Manager_Emails":["Succeeded"]},"metadata":{"operationMetadataId":"d181d489-2275-44e0-8b7a-4ce2247d7eb0"},"type":"OpenApiConnection","inputs":{"host":{"apiId":"/providers/Microsoft.PowerApps/apis/shared_sendmail","connectionName":"shared_sendmail","operationId":"SendEmailV3"},"parameters":{"request/to":"@{outputs('Manager_Emails')};","request/subject":"Update New Onboard Masterlist","request/text":"<p>Hello Managers,<br>\n<br>\nGood day!<br>\n<br>\nReminding you to log the names of your new hires, please click this <a href=\"https://lexmarkad.sharepoint.com/:x:/r/sites/AnalyticsGovOnOffBoardingDocumentation/_layouts/15/Doc.aspx?action=edit&amp;sourcedoc=%7Bf36aedef-b523-42d0-b908-de0fc2ef6a1a%7D&amp;wdOrigin=TEAMS-ELECTRON.teamsSdk.openFilePreview&amp;wdExp=TEAMS-CONTROL&amp;web=1\">link</a>&nbsp;to &nbsp;update. If none, kindly disregard this email.<br>\n<br>\nThank you!</p>"},"authentication":"@parameters('$authentication')"}}},"runAfter":{"List_rows_present_in_a_table":["Succeeded"]},"metadata":{"operationMetadataId":"088357c8-9292-484a-92dd-412c4747f083"},"type":"Foreach"}}},"connectionReferences":{"shared_excelonlinebusiness":{"connectionName":"shared-excelonlinebu-c098b1c6-1393-4455-a76c-017bf8708c07","source":"Embedded","id":"/providers/Microsoft.PowerApps/apis/shared_excelonlinebusiness","tier":"NotSpecified"},"shared_sendmail":{"connectionName":"shared-sendmail-45be68b2-99f6-4d0a-bda8-64f88689767f","source":"Embedded","id":"/providers/Microsoft.PowerApps/apis/shared_sendmail","tier":"NotSpecified"}},"flowFailureAlertSubscribed":false,"isManaged":false}}