{"schemaVersion":"1.0","appDefinitionTemplate":{"id":"/providers/Microsoft.PowerApps/apps/","type":"Microsoft.PowerApps/apps","tags":{"primaryDeviceWidth":"1136","primaryDeviceHeight":"640","supportsPortrait":"true","supportsLandscape":"true","primaryFormFactor":"Phone","publisherVersion":"3.23014.14","minimumRequiredApiVersion":"2.2.0","hasComponent":"false","hasUnlockedComponent":"false","isUnifiedRootApp":"false","sienaVersion":"20230203T123144Z-3.23014.14.0"},"properties":{"appVersion":"2023-02-03T12:31:44Z","lifeCycleId":"Published","createdByClientVersion":{"major":3,"minor":23014,"build":14,"revision":0,"majorRevision":0,"minorRevision":0},"minClientVersion":{"major":3,"minor":23014,"build":14,"revision":0,"majorRevision":0,"minorRevision":0},"backgroundColor":"RGBA(0,176,240,1)","backgroundImageUri":"/12098287030245117598/Nea9d1897-1d07-4de0-a2bb-c7963785ea72-logoSmallFile","displayName":"[CDM] - Partner missing report notifications","description":"Added Geo Dropdown Filter - LATEST","commitMessage":"","appUris":{"documentUri":{"value":"/12098287030245117598/Nca19d246-17de-476f-87d9-03df6c0d48db-document.msapp"},"imageUris":[],"additionalUris":[]},"createdTime":"0001-01-01T00:00:00Z","lastModifiedTime":"0001-01-01T00:00:00Z","sharedGroupsCount":0,"sharedUsersCount":0,"connectionReferences":{"2d21c093-1040-4664-93e9-d48985d49506":{"id":"4455d10b-6794-4cd7-bc1a-684589c8cec8","displayName":"Office 365 Users","iconUri":"https://connectoricons-prod.azureedge.net/releases/v1.0.1617/1.0.1617.3171/office365users/icon.png","dataSources":["Office365Users"],"dependencies":[],"dependents":[],"parameterHints":{},"parameterHintsV2":{},"isOnPremiseConnection":false,"bypassConsent":false,"dataSets":{},"apiTier":"Standard","isCustomApiConnection":false},"18db996b-f0cd-4aad-ab51-a800f18939fd":{"id":"af5bd61e-a4cf-45a2-8a25-d37e8bdc3cd1","displayName":"SharePoint","iconUri":"https://connectoricons-prod.azureedge.net/u/juanq/gateway/greyhound/3000.150.11/1.0.1613.3116/sharepointonline/icon.png","dataSources":["Power App - Missing Reports Email Notif"],"dependencies":[],"dependents":[],"parameterHints":{},"parameterHintsV2":{},"isOnPremiseConnection":false,"bypassConsent":false,"dataSets":{"https://lexmarkad.sharepoint.com/sites/BusinessIntelligence":{"dataSources":{"Power App - Missing Reports Email Notif":{"tableName":"74be981c-dbd2-4ef0-b863-ba5315d7819d"}}}},"apiTier":"Standard","isCustomApiConnection":false,"actions":["providers/PowerPlatform.Governance/Operations/Read"]},"798133ed-ba49-49cf-bfe9-2204ae10c126":{"id":"3ee87c2e-c4f2-4588-b220-1eb2ce772047","displayName":"Excel Online (Business)","iconUri":"https://connectoricons-prod.azureedge.net/releases/v1.0.1615/1.0.1615.3163/excelonlinebusiness/icon.png","dataSources":["Main"],"dependencies":[],"dependents":["ea99e61c-4c10-463d-93bb-d569b8cecfc4"],"parameterHints":{},"parameterHintsV2":{},"isOnPremiseConnection":false,"bypassConsent":false,"dataSets":{"groups%252F805cd21f-144e-46cf-83e3-3c9ae0995e1e,b%2521GWMnaoZve02yhJTFdfqkQeCRatpjmZZPoOwR16ZZciWjwNKH0DFvSbHJJ8GNDd1G,0153VD2F343X7ZZ2R3ZVH25ON5WCWZHRVF":{"dataSources":{"Main":{"tableName":"{91B078C3-6346-4882-B7DC-FCFC68EB1511}"}}}},"apiTier":"Standard","isCustomApiConnection":false,"actions":["providers/PowerPlatform.Governance/Operations/Read","providers/PowerPlatform.Governance/Operations/Write"]},"ea99e61c-4c10-463d-93bb-d569b8cecfc4":{"id":"0287c8f5-a720-4807-9806-25518eb9b71c","displayName":"Logic flows","iconUri":"https://connectoricons-prod.azureedge.net/releases/v1.0.1615/1.0.1615.3163/logicflows/icon.png","dataSources":["[CDM]-Partnermissingreportnotifications"],"dependencies":["798133ed-ba49-49cf-bfe9-2204ae10c126","db38db28-cf84-467c-8885-66e02499353d"],"dependents":[],"parameterHints":{"workflowName":{"value":"1d9d212d-fb7f-4734-864e-ab0ef8386460"},"workflowEntityId":{},"798133ed-ba49-49cf-bfe9-2204ae10c126":{"value":"shared_excelonlinebusiness"},"db38db28-cf84-467c-8885-66e02499353d":{"value":"shared_office365"}},"parameterHintsV2":{"workflowName":{"value":"1d9d212d-fb7f-4734-864e-ab0ef8386460"},"workflowEntityId":{},"shared_excelonlinebusiness":{"value":"798133ed-ba49-49cf-bfe9-2204ae10c126"},"shared_office365":{"value":"db38db28-cf84-467c-8885-66e02499353d"}},"isOnPremiseConnection":false,"bypassConsent":false,"dataSets":{},"apiTier":"Standard","isCustomApiConnection":false,"actions":["Run"],"nestedActions":[{"id":"/providers/Microsoft.PowerApps/apis/shared_excelonlinebusiness/apiOperations/GetItems","apiName":"Excel Online (Business)","actionName":"GetItems","referencedResources":[]},{"id":"/providers/Microsoft.PowerApps/apis/shared_office365/apiOperations/SendEmailV2","apiName":"Office 365 Outlook","actionName":"SendEmailV2","referencedResources":[]},{"id":"/providers/Microsoft.PowerApps/apis/shared_excelonlinebusiness/apiOperations/PatchItem","apiName":"Excel Online (Business)","actionName":"PatchItem","referencedResources":[]}]},"db38db28-cf84-467c-8885-66e02499353d":{"id":"dbf3100e-2502-4b4f-b025-cffa81f44db6","displayName":"Office 365 Outlook","iconUri":"https://connectoricons-prod.azureedge.net/releases/v1.0.1617/1.0.1617.3171/office365/icon.png","dataSources":[],"dependencies":[],"dependents":["ea99e61c-4c10-463d-93bb-d569b8cecfc4"],"parameterHints":{},"parameterHintsV2":{},"isOnPremiseConnection":false,"bypassConsent":false,"dataSets":{},"apiTier":"Standard","isCustomApiConnection":false}},"databaseReferences":{"default.cds":{"databaseDetails":{"referenceType":"Environmental","environmentName":"default.cds","overrideValues":{"status":"NotSpecified"}},"dataSources":{"Accounts":{"entitySetName":"accounts","logicalName":"account"}},"actions":["providers/PowerPlatform.Governance/Operations/Read"]}},"almMode":"Environment","performanceOptimizationEnabled":true,"canConsumeAppPass":true,"enableModernRuntimeMode":false,"executionRestrictions":{"isTeamsOnly":false,"dataLossPreventionEvaluationResult":{"status":"Compliant","lastEvaluationDate":"2023-02-03T13:04:09.5976436Z","violations":[],"violationsByPolicy":[],"violationErrorMessage":"The app uses the following connectors: shared_office365users, shared_sharepointonline, shared_excelonlinebusiness, shared_logicflows, shared_office365, shared_commondataservice."},"httpActionRestriction":{"appUsesSharepointHttpAction":false,"enforcementStrategy":"Legacy","evaluationTime":"2023-02-03T13:04:09.597498Z"}}},"appType":"ClassicCanvasApp","appComponents":[]}}