{"schemaVersion":"1.0","appDefinitionTemplate":{"id":"/providers/Microsoft.PowerApps/apps/","type":"Microsoft.PowerApps/apps","tags":{"primaryDeviceWidth":"1366","primaryDeviceHeight":"768","supportsPortrait":"true","supportsLandscape":"true","primaryFormFactor":"Tablet","showStatusBar":"false","publisherVersion":"3.23102.16","minimumRequiredApiVersion":"2.2.0","hasComponent":"false","hasUnlockedComponent":"false","isUnifiedRootApp":"false","sienaVersion":"20231018T143745Z-3.23102.16.0"},"properties":{"appVersion":"2023-10-18T14:37:45Z","lifeCycleId":"Published","createdByClientVersion":{"major":3,"minor":23102,"build":16,"revision":0,"majorRevision":0,"minorRevision":0},"minClientVersion":{"major":3,"minor":23102,"build":16,"revision":0,"majorRevision":0,"minorRevision":0},"backgroundColor":"RGBA(0,176,240,1)","backgroundImageUri":"/5773227118570750226/N1e7e3444-675a-4c85-a95e-eff2cc5a24e5-logoSmallFile","displayName":"[CDM] - CDM Scorecard","description":"Input data for CDM Scorecard","commitMessage":"","appUris":{"documentUri":{"value":"/5773227118570750226/N23a98c35-0722-4ce5-a2b9-69279538d76e-document.msapp"},"imageUris":[],"additionalUris":[]},"createdTime":"0001-01-01T00:00:00Z","lastModifiedTime":"0001-01-01T00:00:00Z","sharedGroupsCount":0,"sharedUsersCount":0,"connectionReferences":{"6a5cfda8-d4ed-4ea1-9e6c-2aa1f24d326a":{"id":"0b39baf0-6228-4d30-a086-f3e0ded9d311","displayName":"SharePoint","iconUri":"https://connectoricons-prod.azureedge.net/releases/v1.0.1664/1.0.1664.3477/sharepointonline/icon.png","dataSources":["CDM_Scorecard_SPL","CDM_IndiScore_SPL","CDM_Scorecard_SLA","EmployeeList"],"dependencies":[],"dependents":["fce3014a-0c8c-4b71-a618-c1fc6c0b2a31"],"parameterHints":{},"parameterHintsV2":{},"isOnPremiseConnection":false,"bypassConsent":false,"dataSets":{"https://lexmarkad.sharepoint.com/sites/BusinessIntelligence":{"dataSources":{"CDM_Scorecard_SPL":{"tableName":"ea2a9b2b-d3cc-4ce9-b373-babc21b6c832"},"CDM_IndiScore_SPL":{"tableName":"10374046-43a7-40bf-8550-e6dd6e3cf36c"},"CDM_Scorecard_SLA":{"tableName":"a270601e-fe9a-4a56-8434-509586946aff"},"EmployeeList":{"tableName":"d50b6311-416d-4b0a-bf80-c173c46d11c3"}}}},"apiTier":"Standard","isCustomApiConnection":false,"actions":["providers/PowerPlatform.Governance/Operations/Read","providers/PowerPlatform.Governance/Operations/Write"]},"fce3014a-0c8c-4b71-a618-c1fc6c0b2a31":{"id":"ae12396c-a24d-4f5c-bd06-470fa129e09e","displayName":"Logic flows","iconUri":"https://connectoricons-prod.azureedge.net/releases/v1.0.1664/1.0.1664.3477/logicflows/icon.png","dataSources":["[CDM]-AddAnalystName"],"dependencies":["6a5cfda8-d4ed-4ea1-9e6c-2aa1f24d326a"],"dependents":[],"parameterHints":{"workflowName":{"value":"cd72c82a-95b1-4f3a-b860-e9b285d62e1c"},"workflowEntityId":{},"6a5cfda8-d4ed-4ea1-9e6c-2aa1f24d326a":{"value":"shared_sharepointonline"}},"parameterHintsV2":{"workflowName":{"value":"cd72c82a-95b1-4f3a-b860-e9b285d62e1c"},"workflowEntityId":{},"shared_sharepointonline":{"value":"6a5cfda8-d4ed-4ea1-9e6c-2aa1f24d326a"}},"isOnPremiseConnection":false,"bypassConsent":false,"dataSets":{},"apiTier":"Standard","isCustomApiConnection":false,"nestedActions":[{"id":"/providers/Microsoft.PowerApps/apis/shared_sharepointonline/apiOperations/HttpRequest","apiName":"SharePoint","actionName":"HttpRequest","referencedResources":[{"key":"site","value":"https://lexmarkad.sharepoint.com/sites/BusinessIntelligence"}]}]}},"databaseReferences":{},"almMode":"Environment","performanceOptimizationEnabled":true,"canConsumeAppPass":true,"enableModernRuntimeMode":false,"executionRestrictions":{"isTeamsOnly":false,"dataLossPreventionEvaluationResult":{"status":"Compliant","lastEvaluationDate":"2023-10-18T14:38:05.389169Z","violations":[],"violationsByPolicy":[],"violationErrorMessage":"The app uses the following connectors: shared_sharepointonline, shared_logicflows."},"httpActionRestriction":{"appUsesSharepointHttpAction":true,"enforcementStrategy":"Legacy","evaluationTime":"2023-10-18T14:38:05.3889544Z"}}},"appType":"ClassicCanvasApp","appComponents":[]}}