{"name":"b112cea6-bb28-4d77-8a2a-c11fca25bb47","id":"/providers/Microsoft.Flow/flows/b112cea6-bb28-4d77-8a2a-c11fca25bb47","type":"Microsoft.Flow/flows","properties":{"apiId":"/providers/Microsoft.PowerApps/apis/shared_logicflows","displayName":"[DX - New Onboard] - Initial Notif to New Hires","definition":{"metadata":{"workflowEntityId":null,"processAdvisorMetadata":null,"flowChargedByPaygo":null,"flowclientsuspensionreason":"None","flowclientsuspensiontime":null,"flowclientsuspensionreasondetails":null,"creator":{"id":"d0b6b7c4-a439-48fc-ae95-864f1da9cf31","type":"User","tenantId":"12709065-6e6c-41c9-9e4d-fb0a436969ce"},"provisioningMethod":"FromDefinition","failureAlertSubscription":true,"clientLastModifiedTime":"2023-10-13T09:35:30.4963939Z"},"$schema":"https://schema.management.azure.com/providers/Microsoft.Logic/schemas/2016-06-01/workflowdefinition.json#","contentVersion":"1.0.0.0","parameters":{"$connections":{"defaultValue":{},"type":"Object"},"$authentication":{"defaultValue":{},"type":"SecureObject"}},"triggers":{"Recurrence":{"recurrence":{"frequency":"Day","interval":1,"timeZone":"China Standard Time","schedule":{"hours":["8","14","19"],"minutes":[0]}},"metadata":{"operationMetadataId":"7b727798-0256-497d-959f-f3daada8d61c"},"type":"Recurrence"}},"actions":{"Apply_to_each_2":{"foreach":"@outputs('Get_items')?['body/value']","actions":{"Condition_2":{"actions":{"varNewHireEmail":{"runAfter":{},"metadata":{"operationMetadataId":"f9b1a603-faaa-43bd-a545-bbcc4d2e5c3d"},"type":"Compose","inputs":"@items('Apply_to_each_2')?['FullName/Email']"},"Send_an_email_(V2)":{"runAfter":{"varOnboardDate":["Succeeded"]},"metadata":{"operationMetadataId":"aff810e3-178d-4361-82e9-ca47670df735"},"type":"OpenApiConnection","inputs":{"host":{"apiId":"/providers/Microsoft.PowerApps/apis/shared_office365","connectionName":"shared_office365_1","operationId":"SendEmailV2"},"parameters":{"emailMessage/To":"@outputs('varNewHireEmail')","emailMessage/Subject":"Welcome to DX Onboarding Training","emailMessage/Body":"<p><br>\nDear @{items('Apply_to_each_2')?['FullName/DisplayName']},<br>\n<br>\nWelcome to DX !!<br>\n&nbsp;<br>\nWe are happy to have you Onboard as part of our new employee under DX Organization.<br>\n&nbsp;<br>\nTo start your DX Journey, we have prepared Online DX Onboarding Training Program for you. This has been designed to help you in your onboarding as you take on your role either as a Business Analyst or Data Analyst. The different online courses must be completed no later than a month from today, as your interim performance evaluation with your manager will happen on your 5th month. This will serve as a very good input to gauge your understanding and learnings as DX Employee.<br>\n<br>\nPlease see below guide how you kickstart the journey. &nbsp;Once completed, kindly save your certificate in this link&nbsp;<a href=\"https://lexmarkad.sharepoint.com/:f:/r/sites/AnalyticsGovOnOffBoardingDocumentation/Shared%20Documents/General/01.%20On-Boarding/5.%20Percipio%20Training%20Courses/DX%20Completion%20Certificate?csf=1&amp;web=1&amp;e=PttLrz\"><strong>DX Completion Certificate</strong></a>.<br>\n&nbsp;<br>\nThe course has been added to your \"Library\" in <a href=\"https://lexlearn.percipio.com/\"><strong>LexLearn</strong></a>. You may also click on this link:<br>\n<a href=\"https://lexlearn.percipio.com/journey/d460a04f-25d3-4168-b39e-bcf1a22b1d35\"><strong>Percipio Journey DX Onboarding Journey</strong></a><br>\n<br>\nTarget completion date is on @{formatDateTime(addDays(items('Apply_to_each_2')?['OnboardDate'],30), 'MM-dd-yyyy')}.<br>\n<br>\nWe hope that you are able to learn more on what our organization (DX) does and how we are able to contribute to Lexmark as as a whole.<br>\nThis is a great avenue for you to discover, explore and learn things as you start your journey with us.<br>\n<br>\nThank you,<br>\n<br>\n<br>\nRichelle H. Amatong<br>\nGBS D2V &nbsp;Data Governance<br>\nManager, WW Channel Data Management<br>\n<br>\nM +63 919 065 4002<br>\nrichelle.amatong@lexmark.com<br>\n<br>\n</p>","emailMessage/From":"richelle.amatong@lexmark.com","emailMessage/Cc":"@outputs('varManagerEmail')","emailMessage/Bcc":"kentviper.ybanez@lexmark.com;alonamae.delossantos@lexmark.com","emailMessage/Importance":"Normal"},"authentication":"@parameters('$authentication')"}},"varManagerEmail":{"runAfter":{"varNewHireEmail":["Succeeded"]},"metadata":{"operationMetadataId":"3133516f-88e0-47e7-ac69-c609c0b42a0a"},"type":"Compose","inputs":"@items('Apply_to_each_2')?['ManagerName/Email']"},"Update_item":{"runAfter":{"Send_an_email_(V2)":["Succeeded"]},"metadata":{"operationMetadataId":"854dcedb-ef39-48fc-9272-48949c23ece3"},"type":"OpenApiConnection","inputs":{"host":{"apiId":"/providers/Microsoft.PowerApps/apis/shared_sharepointonline","connectionName":"shared_sharepointonline","operationId":"PatchItem"},"parameters":{"dataset":"https://lexmarkad.sharepoint.com/sites/DX_OnboardingSP","table":"1d6486bd-d17f-4a31-92cd-43b99b9c4af7","id":"@items('Apply_to_each_2')?['ID']","item/OnboardDate":"@items('Apply_to_each_2')?['OnboardDate']","item/IsDeleted/Value":"No","item/WelcomeMailVerificationDate":"@formatDateTime(utcNow(), 'MM-dd-yyyy')"},"authentication":"@parameters('$authentication')"}},"varOnboardDate":{"runAfter":{"varManagerEmail":["Succeeded"]},"metadata":{"operationMetadataId":"11cabee9-bd61-4394-9647-7aca30bdfe9b"},"type":"Compose","inputs":"@items('Apply_to_each_2')?['OnboardDate']"}},"runAfter":{"varEmailAddress":["Succeeded"]},"expression":{"and":[{"lessOrEquals":["@items('Apply_to_each_2')?['OnboardDate']","@addDays(utcNow(), 1)"]},{"equals":["@items('Apply_to_each_2')?['WelcomeMailVerificationDate']","@null"]}]},"metadata":{"operationMetadataId":"5c0d4870-729e-4a89-9189-2c446d55c436"},"type":"If"},"varEmailAddress":{"runAfter":{},"metadata":{"operationMetadataId":"af54442b-42c2-4d76-9e45-db74e9023b6f"},"type":"Compose","inputs":"@items('Apply_to_each_2')?['FullName/Email']"}},"runAfter":{"Delay":["Succeeded"]},"metadata":{"operationMetadataId":"088357c8-9292-484a-92dd-412c4747f083"},"type":"Foreach"},"Delay":{"runAfter":{"Get_items":["Succeeded"]},"metadata":{"operationMetadataId":"5d6343bc-81ae-4ff1-8e5f-9351692d8003"},"type":"Wait","inputs":{"interval":{"count":5,"unit":"Second"}}},"Get_items":{"runAfter":{},"metadata":{"operationMetadataId":"53141b7c-a747-4590-ae1f-ee1514230839"},"type":"OpenApiConnection","inputs":{"host":{"apiId":"/providers/Microsoft.PowerApps/apis/shared_sharepointonline","connectionName":"shared_sharepointonline","operationId":"GetItems"},"parameters":{"dataset":"https://lexmarkad.sharepoint.com/sites/DX_OnboardingSP","table":"1d6486bd-d17f-4a31-92cd-43b99b9c4af7","$filter":"FullName ne ''"},"authentication":"@parameters('$authentication')"}}}},"connectionReferences":{"shared_office365_1":{"connectionName":"shared-office365-b1499d4f-c7ab-43c8-9f58-3bc8382eeac2","source":"Embedded","id":"/providers/Microsoft.PowerApps/apis/shared_office365","tier":"NotSpecified"},"shared_sharepointonline":{"connectionName":"08a9379456854ffabd4ccc51171ef295","source":"Embedded","id":"/providers/Microsoft.PowerApps/apis/shared_sharepointonline","tier":"NotSpecified"}},"flowFailureAlertSubscribed":false,"isManaged":false}}