{"name":"060231c6-0733-41af-88c2-61c963ed4294","id":"/providers/Microsoft.Flow/flows/060231c6-0733-41af-88c2-61c963ed4294","type":"Microsoft.Flow/flows","properties":{"apiId":"/providers/Microsoft.PowerApps/apis/shared_logicflows","displayName":"[CDM] - WW CDM Unknown Profile","definition":{"metadata":{"workflowEntityId":null,"processAdvisorMetadata":null,"flowChargedByPaygo":null,"flowclientsuspensionreason":"None","flowclientsuspensiontime":null,"flowclientsuspensionreasondetails":null,"creator":{"id":"d0b6b7c4-a439-48fc-ae95-864f1da9cf31","type":"User","tenantId":"12709065-6e6c-41c9-9e4d-fb0a436969ce"},"provisioningMethod":"FromDefinition","failureAlertSubscription":true,"clientLastModifiedTime":"2023-10-27T09:32:56.9753949Z","connectionKeySavedTimeKey":"2023-10-25T13:40:50.0917834Z"},"$schema":"https://schema.management.azure.com/providers/Microsoft.Logic/schemas/2016-06-01/workflowdefinition.json#","contentVersion":"1.0.0.0","parameters":{"$connections":{"defaultValue":{},"type":"Object"},"$authentication":{"defaultValue":{},"type":"SecureObject"}},"triggers":{"When_a_new_email_arrives_(V3)":{"splitOn":"@triggerOutputs()?['body/value']","metadata":{"Id::AAMkADlmODhjODIzLWEyYTEtNDA2ZC1iZjUzLTczOGE1MzZjYmQ0MQAuAAAAAAApdXe_PZPEQ45zLUQY4CGrAQDafuwRd0rXS54o4n7LjiShAAIt2RxfAAA=":"Unknown Profiles","operationMetadataId":"d0db5661-c0f9-4d71-843a-435a33e76205"},"type":"OpenApiConnectionNotification","inputs":{"host":{"apiId":"/providers/Microsoft.PowerApps/apis/shared_office365","connectionName":"shared_office365","operationId":"OnNewEmailV3"},"parameters":{"folderPath":"Id::AAMkADlmODhjODIzLWEyYTEtNDA2ZC1iZjUzLTczOGE1MzZjYmQ0MQAuAAAAAAApdXe_PZPEQ45zLUQY4CGrAQDafuwRd0rXS54o4n7LjiShAAIt2RxfAAA=","to":"kentviper.ybanez@lexmark.com","includeAttachments":false,"subjectFilter":"[PBI Refresh Notification] - Unknown Profile Summary","importance":"Any","fetchOnlyWithAttachment":false},"authentication":"@parameters('$authentication')"}}},"actions":{"Run_a_query_against_a_dataset_-_WW_CDM_Unknown_Profiles":{"runAfter":{},"metadata":{"operationMetadataId":"eca418b7-909f-4e30-9a64-56305b0b42ad"},"type":"OpenApiConnection","inputs":{"host":{"apiId":"/providers/Microsoft.PowerApps/apis/shared_powerbi","connectionName":"shared_powerbi","operationId":"ExecuteDatasetQuery"},"parameters":{"groupid":"6f3ce84f-8bb9-4eab-857f-40a4dca95764","datasetid":"deab132f-3a64-49b9-8b37-c90c0a64666c","specification/query":"// DAX Query\nDEFINE\n\tVAR __DS0Core = \n\t\tSUMMARIZECOLUMNS(\n\t\t\t'unknwonProfile'[batch_stts],\n\t\t\t'unknwonProfile'[file_format],\n\t\t\t'unknwonProfile'[filename],\n\t\t\t'unknwonProfile'[Geo],\n\t\t\t'unknwonProfile'[profile_id],\n\t\t\t'LocalDateTable_7fbc1b60-3861-4437-8fad-cdacf3ce450a'[Year],\n\t\t\t'LocalDateTable_7fbc1b60-3861-4437-8fad-cdacf3ce450a'[Quarter],\n\t\t\t'LocalDateTable_7fbc1b60-3861-4437-8fad-cdacf3ce450a'[QuarterNo],\n\t\t\t'LocalDateTable_7fbc1b60-3861-4437-8fad-cdacf3ce450a'[Month],\n\t\t\t'LocalDateTable_7fbc1b60-3861-4437-8fad-cdacf3ce450a'[MonthNo],\n\t\t\t'LocalDateTable_7fbc1b60-3861-4437-8fad-cdacf3ce450a'[Day],\n\t\t\t'unknwonProfile'[sender_email],\n\t\t\t'unknwonProfile'[file_name],\n\t\t\t'Profile Assignment'[Analyst],\n\t\t\t'unknwonProfile'[batch_id],\n\t\t\t\"Sumreporter_id\", CALCULATE(SUM('unknwonProfile'[reporter_id]))\n\t\t)\n\n\tVAR __DS0PrimaryWindowed = \n\t\tTOPN(\n\t\t\t1000,\n\t\t\t__DS0Core,\n\t\t\t'unknwonProfile'[batch_stts],\n\t\t\t1,\n\t\t\t'unknwonProfile'[file_format],\n\t\t\t1,\n\t\t\t'unknwonProfile'[filename],\n\t\t\t1,\n\t\t\t'unknwonProfile'[Geo],\n\t\t\t1,\n\t\t\t'unknwonProfile'[profile_id],\n\t\t\t1,\n\t\t\t'LocalDateTable_7fbc1b60-3861-4437-8fad-cdacf3ce450a'[Year],\n\t\t\t1,\n\t\t\t'LocalDateTable_7fbc1b60-3861-4437-8fad-cdacf3ce450a'[QuarterNo],\n\t\t\t1,\n\t\t\t'LocalDateTable_7fbc1b60-3861-4437-8fad-cdacf3ce450a'[Quarter],\n\t\t\t1,\n\t\t\t'LocalDateTable_7fbc1b60-3861-4437-8fad-cdacf3ce450a'[MonthNo],\n\t\t\t1,\n\t\t\t'LocalDateTable_7fbc1b60-3861-4437-8fad-cdacf3ce450a'[Month],\n\t\t\t1,\n\t\t\t'LocalDateTable_7fbc1b60-3861-4437-8fad-cdacf3ce450a'[Day],\n\t\t\t1,\n\t\t\t'unknwonProfile'[sender_email],\n\t\t\t1,\n\t\t\t'unknwonProfile'[file_name],\n\t\t\t1,\n\t\t\t'Profile Assignment'[Analyst],\n\t\t\t1\n\t\t)\n\nEVALUATE\n\t__DS0Core\n\nORDER BY\n\t'unknwonProfile'[batch_stts],\n\t'unknwonProfile'[file_format],\n\t'unknwonProfile'[filename],\n\t'unknwonProfile'[Geo],\n\t'unknwonProfile'[profile_id],\n\t'LocalDateTable_7fbc1b60-3861-4437-8fad-cdacf3ce450a'[Year],\n\t'LocalDateTable_7fbc1b60-3861-4437-8fad-cdacf3ce450a'[QuarterNo],\n\t'LocalDateTable_7fbc1b60-3861-4437-8fad-cdacf3ce450a'[Quarter],\n\t'LocalDateTable_7fbc1b60-3861-4437-8fad-cdacf3ce450a'[MonthNo],\n\t'LocalDateTable_7fbc1b60-3861-4437-8fad-cdacf3ce450a'[Month],\n\t'LocalDateTable_7fbc1b60-3861-4437-8fad-cdacf3ce450a'[Day],\n\t'unknwonProfile'[sender_email],\n\t'unknwonProfile'[file_name],\n\t'Profile Assignment'[Analyst]","specification/serializerSettings/includeNulls":false},"authentication":"@parameters('$authentication')"}},"Initialize_variable":{"runAfter":{"Run_a_query_against_a_dataset_-_WW_CDM_Unknown_Profiles":["Succeeded"]},"metadata":{"operationMetadataId":"eb1a746b-d33c-40ea-bd8c-da65f2b47e53"},"type":"InitializeVariable","inputs":{"variables":[{"name":"varJSONSchema","type":"array","value":"@outputs('Run_a_query_against_a_dataset_-_WW_CDM_Unknown_Profiles')?['body/firstTableRows']"}]}},"Parse_JSON":{"runAfter":{"Initialize_variable":["Succeeded"]},"metadata":{"operationMetadataId":"6be9f652-9979-48ac-b2fd-887e1e3450b3"},"type":"ParseJson","inputs":{"content":"@variables('varJSONSchema')","schema":{"type":"array","items":{"type":"object","properties":{"unknwonProfile[batch_stts]":{"type":"string"},"unknwonProfile[file_format]":{"type":"string"},"unknwonProfile[filename]":{"type":"string"},"unknwonProfile[Geo]":{"type":"string"},"unknwonProfile[profile_id]":{"type":"integer"},"LocalDateTable_7fbc1b60-3861-4437-8fad-cdacf3ce450a[Year]":{"type":"integer"},"LocalDateTable_7fbc1b60-3861-4437-8fad-cdacf3ce450a[Quarter]":{"type":"string"},"LocalDateTable_7fbc1b60-3861-4437-8fad-cdacf3ce450a[QuarterNo]":{"type":"integer"},"LocalDateTable_7fbc1b60-3861-4437-8fad-cdacf3ce450a[Month]":{"type":"string"},"LocalDateTable_7fbc1b60-3861-4437-8fad-cdacf3ce450a[MonthNo]":{"type":"integer"},"LocalDateTable_7fbc1b60-3861-4437-8fad-cdacf3ce450a[Day]":{"type":"integer"},"unknwonProfile[sender_email]":{"type":"string"},"unknwonProfile[file_name]":{"type":"string"},"unknwonProfile[batch_id]":{"type":"integer"},"[Sumreporter_id]":{"type":"integer"},"Profile Assignment[Analyst]":{"type":"string"}},"required":["unknwonProfile[batch_stts]","unknwonProfile[file_format]","unknwonProfile[filename]","unknwonProfile[Geo]","unknwonProfile[profile_id]","LocalDateTable_7fbc1b60-3861-4437-8fad-cdacf3ce450a[Year]","LocalDateTable_7fbc1b60-3861-4437-8fad-cdacf3ce450a[Quarter]","LocalDateTable_7fbc1b60-3861-4437-8fad-cdacf3ce450a[QuarterNo]","LocalDateTable_7fbc1b60-3861-4437-8fad-cdacf3ce450a[Month]","LocalDateTable_7fbc1b60-3861-4437-8fad-cdacf3ce450a[MonthNo]","LocalDateTable_7fbc1b60-3861-4437-8fad-cdacf3ce450a[Day]","unknwonProfile[sender_email]","unknwonProfile[file_name]","unknwonProfile[batch_id]","[Sumreporter_id]"]}}}},"Initialize_variable_CountNA":{"runAfter":{"Initialize_variable_varUniqueProfileID":["Succeeded"]},"metadata":{"operationMetadataId":"2f132c1b-48cd-4ff0-9f09-a8248d3755fd"},"type":"InitializeVariable","inputs":{"variables":[{"name":"varCountNA","type":"integer","value":0}]}},"Scope":{"actions":{"SelectBatchID":{"runAfter":{},"metadata":{"operationMetadataId":"c61329fe-24e0-4c40-a57b-3cfea09ac431"},"type":"Select","inputs":{"from":"@body('Parse_JSON')","select":{"BatchID":"@item()['unknwonProfile[batch_id]']","Geography":"@item()['unknwonProfile[Geo]']"}}},"UniqueBatchID":{"runAfter":{"SelectBatchID":["Succeeded"]},"metadata":{"operationMetadataId":"4d43947a-0dba-4851-9a47-daed73560b9f"},"type":"Compose","inputs":"@union(body('SelectBatchID'),body('SelectBatchID'))"}},"runAfter":{"Parse_JSON":["Succeeded"]},"metadata":{"operationMetadataId":"b14d89d5-13d2-4113-a7fa-2f26e36a320e"},"type":"Scope"},"Initialize_variable_varUniqueProfileID":{"runAfter":{"Scope":["Succeeded"]},"metadata":{"operationMetadataId":"2cd09656-0a33-4f0a-a91a-21c8dc9d2c39"},"type":"InitializeVariable","inputs":{"variables":[{"name":"varUniqueBatchID","type":"array","value":"@outputs('UniqueBatchID')"}]}},"Apply_to_each_3":{"foreach":"@variables('varUniqueBatchID')","actions":{"Switch":{"runAfter":{"Compose":["Succeeded"]},"cases":{"Case":{"case":"North America","actions":{"Increment_variable":{"runAfter":{},"metadata":{"operationMetadataId":"2d488c61-5ae3-4c61-a31d-5d074a5dd0c1"},"type":"IncrementVariable","inputs":{"name":"varCountNA","value":1}}}},"Case_2":{"case":"EMEA","actions":{"Increment_variable_2":{"runAfter":{},"metadata":{"operationMetadataId":"1c960ac0-ea57-4be4-9ced-e8be018463bf"},"type":"IncrementVariable","inputs":{"name":"varCountEMEA","value":1}}}},"Case_3":{"case":"LA","actions":{"Increment_variable_3":{"runAfter":{},"metadata":{"operationMetadataId":"91644712-83a8-4409-a530-f66d773a496c"},"type":"IncrementVariable","inputs":{"name":"varCountLAD","value":1}}}},"Case_4":{"case":"AP","actions":{"Increment_variable_4":{"runAfter":{},"metadata":{"operationMetadataId":"8db2efe8-0a43-4389-8bd0-3fb700742f05"},"type":"IncrementVariable","inputs":{"name":"varCountAP","value":1}}}}},"default":{"actions":{}},"expression":"@outputs('Compose')","metadata":{"operationMetadataId":"92e29c3e-eccd-4c73-9508-5d014e48f310"},"type":"Switch"},"Compose":{"runAfter":{},"metadata":{"operationMetadataId":"426f7641-e6b9-4418-a713-2a461f5423ad"},"type":"Compose","inputs":"@items('Apply_to_each_3')['Geography']"}},"runAfter":{"Initialize_variable_CountAP":["Succeeded"]},"metadata":{"operationMetadataId":"35586f69-6e77-46f2-95df-5901ee78a35b"},"type":"Foreach"},"Initialize_variable_CountEMEA":{"runAfter":{"Initialize_variable_CountNA":["Succeeded"]},"metadata":{"operationMetadataId":"d3780395-8c03-475b-b0ab-ea9dcc238731"},"type":"InitializeVariable","inputs":{"variables":[{"name":"varCountEMEA","type":"integer","value":0}]}},"Post_message_in_a_chat_or_channel":{"runAfter":{"Scope_2":["Succeeded"]},"metadata":{"operationMetadataId":"1b1c56b4-c5a7-46f7-b009-d5053aaef2bf"},"type":"OpenApiConnection","inputs":{"host":{"apiId":"/providers/Microsoft.PowerApps/apis/shared_teams","connectionName":"shared_teams","operationId":"PostMessageToConversation"},"parameters":{"poster":"Flow bot","location":"Group chat","body/recipient":"19:85efac73277744fe90d002fa7032e197@thread.v2","body/messageBody":"<p>Below is the summary count of Unknown Profiles per Geography: </p>\n<br>\n<table>\n  <tr>\n    <th>GEOGRAPHY</th>\n    <th>BATCH COUNT</th>\n  </tr>\n  <tr>\n    <td>EMEA</td>\n    <td>@{outputs('TotalBatchCountEMEA')}</td>\n  </tr>\n  <tr>\n    <td>NA</td>\n    <td>@{outputs('TotalBatchCountNA')}</td>\n  </tr>\n  <tr>\n    <td>AP</td>\n    <td>@{outputs('TotalBatchCountAP')}</td>\n  </tr>\n  <tr>\n    <td>LAD</td>\n    <td>@{outputs('TotalBatchCountLAD')}</td>\n  </tr>\n</table>\n<br>\n<p>Click to <a href=\"https://app.powerbi.com/links/2nuPnTry5A?ctid=12709065-6e6c-41c9-9e4d-fb0a436969ce&pbi_source=linkShare\">View PBI</a></p>"},"authentication":"@parameters('$authentication')"}},"Initialize_variable_CountAP":{"runAfter":{"Initialize_variable_CountLAD":["Succeeded"]},"metadata":{"operationMetadataId":"8aabea41-c6c3-48b6-b756-2269654194f8"},"type":"InitializeVariable","inputs":{"variables":[{"name":"varCountAP","type":"integer","value":0}]}},"Initialize_variable_CountLAD":{"runAfter":{"Initialize_variable_CountEMEA":["Succeeded"]},"metadata":{"operationMetadataId":"cfd5ab62-794f-4e57-af8c-efda18900f01"},"type":"InitializeVariable","inputs":{"variables":[{"name":"varCountLAD","type":"integer","value":0}]}},"Scope_2":{"actions":{"TotalBatchCountNA":{"runAfter":{},"metadata":{"operationMetadataId":"79917131-86d4-44e7-974e-ef7bf0d41164"},"type":"Compose","inputs":"@if(equals(variables('varCountNA'), null), '0', if(equals(variables('varCountEMEA'), 0), '0', string(variables('varCountNA'))))"},"TotalBatchCountEMEA":{"runAfter":{"TotalBatchCountNA":["Succeeded"]},"metadata":{"operationMetadataId":"a4c4a2e7-7922-46be-a59c-fa63c7ec5bfd"},"type":"Compose","inputs":"@if(equals(variables('varCountEMEA'), null), '0', if(equals(variables('varCountEMEA'), 0), '0', string(variables('varCountEMEA'))))"},"TotalBatchCountLAD":{"runAfter":{"TotalBatchCountEMEA":["Succeeded"]},"metadata":{"operationMetadataId":"c9e50e48-1720-40b0-9e90-e89592a26286"},"type":"Compose","inputs":"@if(equals(variables('varCountLAD'), null), '0', if(equals(variables('varCountLAD'), 0), '0', string(variables('varCountLAD'))))"},"TotalBatchCountAP":{"runAfter":{"TotalBatchCountLAD":["Succeeded"]},"metadata":{"operationMetadataId":"113d50d6-d4c8-4b15-8de1-be1a06ec1776"},"type":"Compose","inputs":"@if(equals(variables('varCountAP'), null), '0', if(equals(variables('varCountAP'), 0), '0', string(variables('varCountAP'))))"}},"runAfter":{"Apply_to_each_3":["Succeeded"]},"metadata":{"operationMetadataId":"5de83fee-d5e1-4c64-af5e-366ebefd6d6c"},"type":"Scope"}}},"connectionReferences":{"shared_powerbi":{"connectionName":"d03b53894a6c4ca5b838b7b8cd83e0f1","source":"Embedded","id":"/providers/Microsoft.PowerApps/apis/shared_powerbi","tier":"NotSpecified"},"shared_teams":{"connectionName":"shared-teams-7ef832e8-65f9-4f9a-b6d1-92c6c85047a2","source":"Embedded","id":"/providers/Microsoft.PowerApps/apis/shared_teams","tier":"NotSpecified"},"shared_office365":{"connectionName":"9a9e7cd2048d408bbfce7cd93acc464f","source":"Embedded","id":"/providers/Microsoft.PowerApps/apis/shared_office365","tier":"NotSpecified"}},"flowFailureAlertSubscribed":false,"isManaged":false}}