{"name":"6d8e738d-2f35-43b1-90c9-0860e483506f","id":"/providers/Microsoft.Flow/flows/6d8e738d-2f35-43b1-90c9-0860e483506f","type":"Microsoft.Flow/flows","properties":{"apiId":"/providers/Microsoft.PowerApps/apis/shared_logicflows","displayName":"[CDM]-AddAnalystName","definition":{"metadata":{"workflowEntityId":null,"processAdvisorMetadata":null,"flowChargedByPaygo":null,"flowclientsuspensionreason":"None","flowclientsuspensiontime":null,"flowclientsuspensionreasondetails":null,"creator":{"id":"d0b6b7c4-a439-48fc-ae95-864f1da9cf31","type":"User","tenantId":"12709065-6e6c-41c9-9e4d-fb0a436969ce"},"provisioningMethod":"FromDefinition","failureAlertSubscription":true,"clientLastModifiedTime":"2023-09-27T13:34:55.8728331Z"},"$schema":"https://schema.management.azure.com/providers/Microsoft.Logic/schemas/2016-06-01/workflowdefinition.json#","contentVersion":"1.0.0.0","parameters":{"$connections":{"defaultValue":{},"type":"Object"},"$authentication":{"defaultValue":{},"type":"SecureObject"}},"triggers":{"manual":{"metadata":{"operationMetadataId":"dbfc2663-7f42-4af2-be74-4c57e7b216de"},"type":"Request","kind":"PowerApp","inputs":{"schema":{"type":"object","properties":{"Appendtoarrayvariable_Value":{"type":"any","description":"Enter a value","x-ms-powerflows-param-ispartial":false}},"required":["Appendtoarrayvariable_Value"]}}}},"actions":{"Send_an_HTTP_request_to_SharePoint":{"runAfter":{},"metadata":{"operationMetadataId":"e32bc7af-3c7a-4d69-a09c-cad67a81277d"},"type":"OpenApiConnection","inputs":{"host":{"apiId":"/providers/Microsoft.PowerApps/apis/shared_sharepointonline","connectionName":"shared_sharepointonline","operationId":"HttpRequest"},"parameters":{"dataset":"https://lexmarkad.sharepoint.com/sites/BusinessIntelligence","parameters/method":"GET","parameters/uri":"_api/web/lists/GetByTitle('CDM_IndiScore_SPL')/Fields/getbytitle('Analyst')"},"authentication":{"value":"@json(decodeBase64(triggerOutputs().headers['X-MS-APIM-Tokens']))['$ConnectionKey']","type":"Raw"}}},"Parse_JSON":{"runAfter":{"Send_an_HTTP_request_to_SharePoint":["Succeeded"]},"metadata":{"operationMetadataId":"14721091-c139-45d5-b4f8-c78e2cfe281d"},"type":"ParseJson","inputs":{"content":"@outputs('Send_an_HTTP_request_to_SharePoint')?['body']?['d']","schema":{"type":"object","properties":{"__metadata":{"type":"object","properties":{"id":{"type":"string"},"uri":{"type":"string"},"type":{"type":"string"}}},"DescriptionResource":{"type":"object","properties":{"__deferred":{"type":"object","properties":{"uri":{"type":"string"}}}}},"TitleResource":{"type":"object","properties":{"__deferred":{"type":"object","properties":{"uri":{"type":"string"}}}}},"AutoIndexed":{"type":"boolean"},"CanBeDeleted":{"type":"boolean"},"ClientSideComponentId":{"type":"string"},"ClientSideComponentProperties":{},"ClientValidationFormula":{},"ClientValidationMessage":{},"CustomFormatter":{},"DefaultFormula":{},"DefaultValue":{"type":"string"},"Description":{"type":"string"},"Direction":{"type":"string"},"EnforceUniqueValues":{"type":"boolean"},"EntityPropertyName":{"type":"string"},"Filterable":{"type":"boolean"},"FromBaseType":{"type":"boolean"},"Group":{"type":"string"},"Hidden":{"type":"boolean"},"Id":{"type":"string"},"Indexed":{"type":"boolean"},"IndexStatus":{"type":"integer"},"InternalName":{"type":"string"},"IsModern":{"type":"boolean"},"JSLink":{"type":"string"},"PinnedToFiltersPane":{"type":"boolean"},"ReadOnlyField":{"type":"boolean"},"Required":{"type":"boolean"},"SchemaXml":{"type":"string"},"Scope":{"type":"string"},"Sealed":{"type":"boolean"},"ShowInFiltersPane":{"type":"integer"},"Sortable":{"type":"boolean"},"StaticName":{"type":"string"},"Title":{"type":"string"},"FieldTypeKind":{"type":"integer"},"TypeAsString":{"type":"string"},"TypeDisplayName":{"type":"string"},"TypeShortDescription":{"type":"string"},"ValidationFormula":{},"ValidationMessage":{},"FillInChoice":{"type":"boolean"},"Mappings":{},"Choices":{"type":"object","properties":{"__metadata":{"type":"object","properties":{"type":{"type":"string"}}},"results":{"type":"array","items":{"type":"string"}}}},"EditFormat":{"type":"integer"}}}}},"Initialize_variable":{"runAfter":{"Parse_JSON":["Succeeded"]},"metadata":{"operationMetadataId":"a79ffac1-fae9-451c-9153-0906f8d24840"},"type":"InitializeVariable","inputs":{"variables":[{"name":"varAnalysts","type":"array","value":"@body('Parse_JSON')?['Choices']?['results']"}]}},"Append_to_array_variable":{"runAfter":{"Initialize_variable":["Succeeded"]},"metadata":{"operationMetadataId":"adf30f44-98ff-4926-a207-0405380348c2"},"type":"AppendToArrayVariable","inputs":{"name":"varAnalysts","value":"@triggerBody()['Appendtoarrayvariable_Value']"}},"Compose":{"runAfter":{"Append_to_array_variable":["Succeeded"]},"metadata":{"operationMetadataId":"c0eb2586-0051-4193-8dfc-b762882a7b1a"},"type":"Compose","inputs":"@variables('varAnalysts')"},"Send_an_HTTP_request_to_SharePoint_2":{"runAfter":{"Compose":["Succeeded"]},"metadata":{"operationMetadataId":"f2808ef2-f3d9-4f3e-912b-a5df0bfead5e"},"type":"OpenApiConnection","inputs":{"host":{"apiId":"/providers/Microsoft.PowerApps/apis/shared_sharepointonline","connectionName":"shared_sharepointonline","operationId":"HttpRequest"},"parameters":{"dataset":"https://lexmarkad.sharepoint.com/sites/BusinessIntelligence","parameters/method":"POST","parameters/uri":"_api/web/lists/GetByTitle('CDM_IndiScore_SPL')/Fields/getbytitle('Analyst')","parameters/headers":{"X-HTTP-METHOD":"MERGE","Accept":"application/json;odata=verbose","Content-Type":"application/json;odata=verbose"},"parameters/body":"{ '__metadata':\n{ 'type': 'SP.FieldChoice' },\n'Choices': {'results': @{outputs('Compose')} }\n}"},"authentication":{"value":"@json(decodeBase64(triggerOutputs().headers['X-MS-APIM-Tokens']))['$ConnectionKey']","type":"Raw"}}}}},"connectionReferences":{"shared_sharepointonline":{"connectionName":"7b56e8e32a284463a8c0e18972e27c18","source":"Invoker","id":"/providers/Microsoft.PowerApps/apis/shared_sharepointonline","tier":"NotSpecified"}},"flowFailureAlertSubscribed":false,"isManaged":false}}