{"name":"9c39c95a-4a1b-4ffc-920b-b2eb7f89c235","id":"/providers/Microsoft.Flow/flows/9c39c95a-4a1b-4ffc-920b-b2eb7f89c235","type":"Microsoft.Flow/flows","properties":{"apiId":"/providers/Microsoft.PowerApps/apis/shared_logicflows","displayName":"Email Follow-Up Automation","definition":{"metadata":{"workflowEntityId":null,"processAdvisorMetadata":null,"flowclientsuspensionreason":"None","flowclientsuspensiontime":null,"flowclientsuspensionreasondetails":null,"creator":{"id":"d0b6b7c4-a439-48fc-ae95-864f1da9cf31","type":"User","tenantId":"12709065-6e6c-41c9-9e4d-fb0a436969ce"},"provisioningMethod":"FromDefinition","failureAlertSubscription":true,"clientLastModifiedTime":"2022-10-14T09:49:09.3331672Z"},"$schema":"https://schema.management.azure.com/providers/Microsoft.Logic/schemas/2016-06-01/workflowdefinition.json#","contentVersion":"1.0.0.0","parameters":{"$connections":{"defaultValue":{},"type":"Object"},"$authentication":{"defaultValue":{},"type":"SecureObject"}},"triggers":{"manual":{"metadata":{"operationMetadataId":"498cb4da-f52d-4c59-96de-8ed7f431989a"},"type":"Request","kind":"PowerApp","inputs":{"schema":{"type":"object","properties":{"Sendanemail(V2)_Subject":{"type":"string","description":"Specify the subject of the mail","x-ms-powerflows-param-ispartial":false},"Sendanemail(V2)_Body":{"type":"string","format":"html","description":"Specify the body of the mail. This parameter is used as part of \"F144FB7A-9465-43C3-A575-6071227CFE74\"","x-ms-powerflows-param-ispartial":true}},"required":["Sendanemail(V2)_Subject","Sendanemail(V2)_Body"]}}}},"actions":{"List_rows_present_in_a_table":{"runAfter":{"EmailTrigger":["Succeeded"]},"metadata":{"0153VD2F3GE7BUMQRW5NGLC6L3O2MNC5QU":"/L. Power Automate/Email Notification To Missing Reports/Email Notif Source.xlsx","operationMetadataId":"d0f6800e-0660-4347-bc12-686081fc65cb","tableId":"{91B078C3-6346-4882-B7DC-FCFC68EB1511}","0153VD2F343X7ZZ2R3ZVH25ON5WCWZHRVF":"/L. Power Automate/Email Notification To Missing Reports/Email Notif Source.xlsx"},"type":"OpenApiConnection","inputs":{"host":{"apiId":"/providers/Microsoft.PowerApps/apis/shared_excelonlinebusiness","connectionName":"shared_excelonlinebusiness","operationId":"GetItems"},"parameters":{"source":"groups/805cd21f-144e-46cf-83e3-3c9ae0995e1e","drive":"b!GWMnaoZve02yhJTFdfqkQeCRatpjmZZPoOwR16ZZciWjwNKH0DFvSbHJJ8GNDd1G","file":"0153VD2F343X7ZZ2R3ZVH25ON5WCWZHRVF","table":"{91B078C3-6346-4882-B7DC-FCFC68EB1511}"},"authentication":{"value":"@json(decodeBase64(triggerOutputs().headers['X-MS-APIM-Tokens']))['$ConnectionKey']","type":"Raw"}},"runtimeConfiguration":{"paginationPolicy":{"minimumItemCount":700}}},"PowerApp_Input2":{"runAfter":{"Send_an_email_(V2)":["Succeeded"]},"metadata":{"operationMetadataId":"3721e43d-1669-42d4-8ff5-69e726678a6a"},"type":"InitializeVariable","inputs":{"variables":[{"name":"Frequency","type":"string","value":"@{string(trim(substring(triggerBody()['Sendanemail(V2)_Body'],0,indexOf(triggerBody()['Sendanemail(V2)_Body'],'-'))))}"}]}},"Dataset":{"runAfter":{"List_rows_present_in_a_table":["Succeeded"]},"metadata":{"operationMetadataId":"be37aac9-63b1-43e7-a79c-c7447c76483a"},"type":"Query","inputs":{"from":"@outputs('List_rows_present_in_a_table')?['body/value']","where":"@and(and(or(\nor(lessOrEquals(length(item()?['PreviousW2']), 3),\nlessOrEquals(length(item()?['PreviousW1']), 3)),\nlessOrEquals(length(item()?['LatestW']), 3)),\nEquals(item()?['Frequency'], variables('Frequency'))),\nEquals(item()?['AnalystEmail'], variables('AnalystEmail'))\n)"}},"varArrayPartContact":{"runAfter":{"varArrayGeo":["Succeeded"]},"metadata":{"operationMetadataId":"ebaa6ee6-efdb-4f4c-b5a7-e73377529b19"},"type":"InitializeVariable","inputs":{"variables":[{"name":"UniquePartContact","type":"array","value":"@outputs('UniquePartnerContact')"}]}},"varArrayGeo":{"runAfter":{"GetUniqueValues":["Succeeded"]},"metadata":{"operationMetadataId":"d9fd8e5a-ad79-4e8f-9229-31e2e2a6d287"},"type":"InitializeVariable","inputs":{"variables":[{"name":"UniqueGeography","type":"array","value":"@outputs('UniqueGeorpraphy')"}]}},"Level1_Geography":{"foreach":"@variables('UniqueGeography')","actions":{"GeographyItems":{"runAfter":{},"metadata":{"operationMetadataId":"a490fb9d-63de-4046-a629-fb85feba8b40"},"type":"Compose","inputs":"@items('Level1_Geography')?['Geography']"},"FilteredByGeography":{"runAfter":{"GeographyItems":["Succeeded"]},"metadata":{"operationMetadataId":"2774209a-dfaf-4666-9fc5-c4954407ab1d"},"type":"Query","inputs":{"from":"@body('Dataset')","where":"@equals(item()?['Geography'], outputs('GeographyItems'))"}},"Level2_PartnerContact":{"foreach":"@variables('UniquePartContact')","actions":{"PartnerContactItems":{"runAfter":{},"metadata":{"operationMetadataId":"5bf6cee0-2d0b-4b88-bfdb-7afe1f96ba82"},"type":"Compose","inputs":"@items('Level2_PartnerContact')?['Partner Contact Email']"},"FilteredByPartnerContact":{"runAfter":{"PartnerContactItems":["Succeeded"]},"metadata":{"operationMetadataId":"ef5b3f3d-76b0-4599-8ce0-eb206f1de6cf"},"type":"Query","inputs":{"from":"@body('FilteredByGeography')","where":"@equals(item()?['PartnerContacts'], outputs('PartnerContactItems'))"}},"Level3_Country":{"foreach":"@variables('UniqueCountry')","actions":{"CountryItems":{"runAfter":{},"metadata":{"operationMetadataId":"47974a0c-4f50-4853-a01c-f55906d7a0b7"},"type":"Compose","inputs":"@items('Level3_Country')?['Country']"},"Switch_2":{"runAfter":{"CountryItems":["Succeeded"]},"cases":{"Brazil":{"case":"Brazil","actions":{"FilterByCountryBrazil":{"runAfter":{},"type":"Query","inputs":{"from":"@body('FilteredByPartnerContact')","where":"@equals(item()?['Country'], 'Brazil')"}},"SelectBrazil":{"runAfter":{"FilterByCountryBrazil":["Succeeded"]},"type":"Select","inputs":{"from":"@body('FilterByCountryBrazil')","select":{"Report Name":"@item()?['Report Name']","Profile ID":"@item()?['Profile ID']","Geography":"@item()?['Geography']","Batch Type":"@item()?['Batch Type']","@{outputs('FrequencyLabel')}":"@{if(equals(outputs('FrequencyLabel'),'Week'),\r\n\r\nif(equals(length(trim(item()?['PreviousW2'])),0),outputs('PreviousW2'),''),\r\n\r\nif(equals(length(trim(item()?['PreviousW2'])),0),outputs('PreviousM2'),''))}\n@{if(equals(outputs('FrequencyLabel'),'Week'),\r\n\r\nif(equals(length(trim(item()?['PreviousW2'])),0),\t\r\n\tif(equals(length(trim(item()?['PreviousW1'])),0),concat(', ', outputs('PreviousW1')),''),\r\n\tif(equals(length(trim(item()?['PreviousW1'])),0),outputs('PreviousW1'),'')),\r\n\r\nif(equals(length(trim(item()?['PreviousW2'])),0),\t\r\n\tif(equals(length(trim(item()?['PreviousW1'])),0),concat(', ', outputs('PreviousM1')),''),\r\n\tif(equals(length(trim(item()?['PreviousW1'])),0),outputs('PreviousM1'),'')))}\n@{if(equals(outputs('FrequencyLabel'),'Week'),\r\n\r\nif(or(equals(length(trim(item()?['PreviousW2'])),0)\r\n\t,equals(length(trim(item()?['PreviousW1'])),0)),\t\r\n\t\tif(equals(length(trim(item()?['LatestW'])),0),concat(', ', outputs('LatestW')),''),\r\n\t\tif(equals(length(trim(item()?['LatestW'])),0),outputs('LatestW'),'')),\r\n\r\nif(or(equals(length(trim(item()?['PreviousW2'])),0)\r\n\t,equals(length(trim(item()?['PreviousW1'])),0)),\t\r\n\t\tif(equals(length(trim(item()?['LatestW'])),0),concat(', ', outputs('LatestM')),''),\r\n\t\tif(equals(length(trim(item()?['LatestW'])),0),outputs('LatestM'),'')))}"}}},"HTMLBrazil":{"runAfter":{"SelectBrazil":["Succeeded"]},"type":"Table","inputs":{"from":"@body('SelectBrazil')","format":"HTML"}},"CSSBrazil":{"runAfter":{"HTMLBrazil":["Succeeded"]},"type":"Compose","inputs":"<style>\ntable {\n  border: 1px solid #1C6EA4;\n  background-color: #EEEEEE;\n  width: 100%;\n  text-align: left;\n  border-collapse: collapse;\n}\ntable td, table th {\n  border: 1px solid #AAAAAA;\n  padding: 3px 2px;\n}\ntable tbody td {\n  font-size: 13px;\n}\ntable thead {\n  background: #02A0E1;\n  border-bottom: 2px solid #444444;\n}\ntable thead th {\n  font-size: 15px;\n  font-weight: bold;\n  color: #FFFFFF;\n  border-left: 2px solid #D0E4F5;\n}\ntable thead th:first-child {\n  border-left: none;\n}\n</style>\n@{body('HTMLBrazil')}"},"Condition_2":{"actions":{"SelectProfileIDandWeeksBrazil":{"runAfter":{"BRAZIL_Send_an_email_(V2)":["Succeeded"]},"type":"Select","inputs":{"from":"@body('FilterByCountryBrazil')","select":{"Profile ID":"@item()?['Profile ID']","PreviousW2":"@item()?['PreviousW2']","PreviousW1":"@item()?['PreviousW1']","LatestW":"@item()?['LatestW']"}}},"UniqueProfileIDandWeeksBrazil":{"runAfter":{"SelectProfileIDandWeeksBrazil":["Succeeded"]},"type":"Compose","inputs":"@array(union(body('SelectProfileIDandWeeksBrazil'), body('SelectProfileIDandWeeksBrazil')))"},"Apply_to_each_3":{"foreach":"@outputs('UniqueProfileIDandWeeksBrazil')","actions":{"Update_a_row":{"runAfter":{},"metadata":{"0153VD2F3GE7BUMQRW5NGLC6L3O2MNC5QU":"/L. Power Automate/Email Notification To Missing Reports/Email Notif Source.xlsx","tableId":"{91B078C3-6346-4882-B7DC-FCFC68EB1511}","0153VD2F343X7ZZ2R3ZVH25ON5WCWZHRVF":"/L. Power Automate/Email Notification To Missing Reports/Email Notif Source.xlsx"},"type":"OpenApiConnection","inputs":{"host":{"apiId":"/providers/Microsoft.PowerApps/apis/shared_excelonlinebusiness","connectionName":"shared_excelonlinebusiness","operationId":"PatchItem"},"parameters":{"source":"groups/805cd21f-144e-46cf-83e3-3c9ae0995e1e","drive":"b!GWMnaoZve02yhJTFdfqkQeCRatpjmZZPoOwR16ZZciWjwNKH0DFvSbHJJ8GNDd1G","file":"0153VD2F343X7ZZ2R3ZVH25ON5WCWZHRVF","table":"{91B078C3-6346-4882-B7DC-FCFC68EB1511}","idColumn":"Profile ID","id":"@items('Apply_to_each_3')?['Profile ID']","item/PreviousW2":"@if(or(empty(items('Apply_to_each_3')?['PreviousW2']),lessOrEquals(length(items('Apply_to_each_3')?['PreviousW2']),3)),'PARTNER MANAGED', items('Apply_to_each_3')?['PreviousW2'])\r\n","item/PreviousW1":"@if(\r\nempty(items('Apply_to_each_3')?['PreviousW1']),'PARTNER MANAGED',items('Apply_to_each_3')?['PreviousW1'])","item/LatestW":"@if(or(empty(items('Apply_to_each_3')?['LatestW']),lessOrEquals(length(items('Apply_to_each_3')?['LatestW']),3)),'PARTNER MANAGED', items('Apply_to_each_3')?['LatestW'])"},"authentication":{"value":"@json(decodeBase64(triggerOutputs().headers['X-MS-APIM-Tokens']))['$ConnectionKey']","type":"Raw"}}}},"runAfter":{"UniqueProfileIDandWeeksBrazil":["Succeeded"]},"type":"Foreach"},"BRAZIL_Send_an_email_(V2)":{"runAfter":{},"type":"OpenApiConnection","inputs":{"host":{"apiId":"/providers/Microsoft.PowerApps/apis/shared_office365","connectionName":"shared_office365","operationId":"SendEmailV2"},"parameters":{"emailMessage/To":"@{outputs('PartnerContactItems')};","emailMessage/Subject":"Solicitação dos relatórios de ","emailMessage/Body":"<p>Olá<br>\n<br>\nBom dia.<br>\n<br>\nIsto é para solicitar os relatórios de vendas e inventário.<br>\n<br>\n@{outputs('CSSBrazil')}<br>\n<br>\nPor gentiliza, envie-lo diretamente para o portal de CDM <span style=\"color: rgb(41,105,176)\"><strong>cdm_la@lexmark.com</strong></span>.<br>\n<br>\nObrigado/a,<br>\n<br>\n@{variables('UserFullName')}<br>\n<span style=\"font-size: 9px\"><u><strong>GBS D2V</strong></u></span><span style=\"font-size: 9px\"> &nbsp;Data Governance<br>\nData Analyst, WW CDM</span><br>\n<br>\n<span style=\"font-size: 9px\"></span><span style=\"font-size: 9px\">@{variables('AnalystEmail')}</span><span style=\"font-size: 9px\"><br>\n<br>\n</span><span style=\"font-size: 9px\"><em><strong>We value your feedback! Please share your experience by &nbsp;sending an email directly to my<br>\nManager -</strong></em></span><span style=\"font-size: 9px\"><em> &nbsp;</em></span><span style=\"font-size: 9px\"><u>richelle.amatong@lexmark.com<br>\n</u></span><span style=\"font-size: 9px\"><em><br>\n</em></span><span style=\"font-size: 9px\"><em><strong>For a timely response on requests, questions, or issues, please log a ticket in &nbsp;</strong></em></span><a href=\"https://lexmark.service-now.com/sp?id=sc_cat_item&amp;sys_id=b547de9d0f70e3c0b04f419ce1050e5a&amp;sysparm_category=f392876adb743b00353513296896196a\"><span style=\"font-size: 9px\"><u><em><strong>ServiceNow.</strong></em></u></span></a>&nbsp;</p>","emailMessage/From":"@variables('CDMuser')","emailMessage/Cc":"ChannelDataManagement.Cebu@lexmark.com;dayana.mendez@lexmark.com;yuri.guevara@lexmark.com;alison.garavitolozano@lexmark.com;anelyn.gualiza@lexmark.com","emailMessage/Importance":"Normal"},"authentication":{"value":"@json(decodeBase64(triggerOutputs().headers['X-MS-APIM-Tokens']))['$ConnectionKey']","type":"Raw"}}}},"runAfter":{"CSSBrazil":["Succeeded"]},"expression":{"greater":["@length(body('FilterByCountryBrazil'))",0]},"type":"If"}}}},"default":{"actions":{}},"expression":"@outputs('CountryItems')","metadata":{"operationMetadataId":"1973f31b-c2b4-4036-958b-2f9e753207f3"},"type":"Switch"}},"runAfter":{"FilteredByPartnerContact":["Succeeded"]},"metadata":{"operationMetadataId":"a5d9870f-dc01-4d52-b890-46c08e635609"},"type":"Foreach"},"Scope":{"actions":{"NoBrazilCountry":{"runAfter":{},"metadata":{"operationMetadataId":"cedbfcca-a12d-4f22-8c14-25e445cc2c81"},"type":"Query","inputs":{"from":"@body('FilteredByPartnerContact')","where":"@not(equals(item()?['Country'], 'Brazil'))"}},"SwitchByGeography":{"runAfter":{"ReplaceCharacter2":["Succeeded"]},"cases":{"Case_1":{"case":"EMEA","actions":{"HTMLEMEA":{"runAfter":{"SelectEMEA":["Succeeded"]},"type":"Table","inputs":{"from":"@body('SelectEMEA')","format":"HTML"}},"CSSEMEA":{"runAfter":{"HTMLEMEA":["Succeeded"]},"type":"Compose","inputs":"<style>\ntable {\n  border: 1px solid #1C6EA4;\n  background-color: #EEEEEE;\n  width: 100%;\n  text-align: left;\n  border-collapse: collapse;\n}\ntable td, table th {\n  border: 1px solid #AAAAAA;\n  padding: 3px 2px;\n}\ntable tbody td {\n  font-size: 13px;\n}\ntable thead {\n  background: #02A0E1;\n  border-bottom: 2px solid #444444;\n}\ntable thead th {\n  font-size: 15px;\n  font-weight: bold;\n  color: #FFFFFF;\n  border-left: 2px solid #D0E4F5;\n}\ntable thead th:first-child {\n  border-left: none;\n}\n</style>\n@{body('HTMLEMEA')}"},"Condition_3":{"actions":{"SelectProfileIDandWeeksEMEA":{"runAfter":{"EMEA_Send_an_email_(V2)_2":["Succeeded"]},"type":"Select","inputs":{"from":"@body('NoBrazilCountry')","select":{"Profile ID":"@item()?['Profile ID']","PreviousW2":"@item()?['PreviousW2']","PreviousW1":"@item()?['PreviousW1']","LatestW":"@item()?['LatestW']"}}},"UniqueProfileIDandWeeksEMEA":{"runAfter":{"SelectProfileIDandWeeksEMEA":["Succeeded"]},"type":"Compose","inputs":"@array(union(body('SelectProfileIDandWeeksEMEA'), body('SelectProfileIDandWeeksEMEA')))"},"Apply_to_each_4":{"foreach":"@outputs('UniqueProfileIDandWeeksEMEA')","actions":{"Update_a_row_2":{"runAfter":{},"metadata":{"0153VD2F3GE7BUMQRW5NGLC6L3O2MNC5QU":"/L. Power Automate/Email Notification To Missing Reports/Email Notif Source.xlsx","tableId":"{91B078C3-6346-4882-B7DC-FCFC68EB1511}","0153VD2F343X7ZZ2R3ZVH25ON5WCWZHRVF":"/L. Power Automate/Email Notification To Missing Reports/Email Notif Source.xlsx"},"type":"OpenApiConnection","inputs":{"host":{"apiId":"/providers/Microsoft.PowerApps/apis/shared_excelonlinebusiness","connectionName":"shared_excelonlinebusiness","operationId":"PatchItem"},"parameters":{"source":"groups/805cd21f-144e-46cf-83e3-3c9ae0995e1e","drive":"b!GWMnaoZve02yhJTFdfqkQeCRatpjmZZPoOwR16ZZciWjwNKH0DFvSbHJJ8GNDd1G","file":"0153VD2F343X7ZZ2R3ZVH25ON5WCWZHRVF","table":"{91B078C3-6346-4882-B7DC-FCFC68EB1511}","idColumn":"Profile ID","id":"@items('Apply_to_each_4')?['Profile ID']","item/PreviousW2":"@if(or(empty(items('Apply_to_each_4')?['PreviousW2']),lessOrEquals(length(items('Apply_to_each_4')?['PreviousW2']),3)),'PARTNER MANAGED', items('Apply_to_each_4')?['PreviousW2'])","item/PreviousW1":"@if(or(empty(items('Apply_to_each_4')?['PreviousW1']),lessOrEquals(length(items('Apply_to_each_4')?['PreviousW1']),3)),'PARTNER MANAGED', items('Apply_to_each_4')?['PreviousW1'])","item/LatestW":"@if(or(empty(items('Apply_to_each_4')?['LatestW']),lessOrEquals(length(items('Apply_to_each_4')?['LatestW']),3)),'PARTNER MANAGED', items('Apply_to_each_4')?['LatestW'])"},"authentication":{"value":"@json(decodeBase64(triggerOutputs().headers['X-MS-APIM-Tokens']))['$ConnectionKey']","type":"Raw"}}}},"runAfter":{"UniqueProfileIDandWeeksEMEA":["Succeeded"]},"type":"Foreach"},"EMEA_Send_an_email_(V2)_2":{"runAfter":{},"type":"OpenApiConnection","inputs":{"host":{"apiId":"/providers/Microsoft.PowerApps/apis/shared_office365","connectionName":"shared_office365","operationId":"SendEmailV2"},"parameters":{"emailMessage/To":"@{outputs('PartnerContactItems')};","emailMessage/Subject":"[MISSING REPORTS] -  @{outputs('ReplaceCharacter1')}","emailMessage/Body":"<p>Hello,<br>\n<br>\nGood day! I hope you're doing fine.<br>\n<br>\nI would like to relay a friendly reminder on the sending of @{variables('Frequency')} @{outputs('ReplaceCharacter2')} reports.<br>\n<br>\n@{outputs('CSSEMEA')}<br>\n<br>\nThis is to be sent to <span style=\"color: rgb(41,105,176)\"><strong>cdm_emea@lexmark.com</strong></span>.<br>\nHope to hear from you soon.<br>\n<br>\nBest Regards,<br>\n<br>\n@{variables('UserFullName')}<br>\n<span style=\"color: rgb(65,168,95)\"><u><strong>GBS D2V</strong></u></span><span style=\"font-size: 9px\"> &nbsp;Data Governance<br>\nData Analyst, WW CDM<br>\n<br>\n</span><span style=\"font-size: 9px\">@{variables('AnalystEmail')}</span><span style=\"font-size: 9px\"></span><br>\n<br>\n<span style=\"font-size: 9px\"><em><strong>We value your feedback! Please share your experience by &nbsp;sending an email directly to my<br>\nManager</strong></em></span><span style=\"font-size: 9px\"><em> - &nbsp;</em></span><span style=\"font-size: 9px\"><u>richelle.amatong@lexmark.com</u></span><span style=\"font-size: 9px\"><em><br>\n<br>\n</em></span><span style=\"font-size: 9px\"><em><strong>For a timely response on requests, questions, or issues, please log a ticket in&nbsp;</strong></em></span><span style=\"font-size: 9px; color: rgb(41,105,176)\"><u><em><strong>ServiceNow.</strong></em></u></span></p>","emailMessage/From":"@variables('CDMuser')","emailMessage/Cc":"ChannelDataManagement.Cebu@lexmark.com;richelle.amatong@lexmark.com;conny.lamadora@lexmark.com;brezamarie.minoza@lexmark.com;kentviper.ybanez@lexmark.com","emailMessage/Importance":"Normal"},"authentication":{"value":"@json(decodeBase64(triggerOutputs().headers['X-MS-APIM-Tokens']))['$ConnectionKey']","type":"Raw"}}}},"runAfter":{"CSSEMEA":["Succeeded"]},"expression":{"greater":["@length(body('NoBrazilCountry'))",0]},"type":"If"},"SelectEMEA":{"runAfter":{},"type":"Select","inputs":{"from":"@body('NoBrazilCountry')","select":{"Report Name":"@item()?['Report Name']","Profile ID":"@item()?['Profile ID']","Geography":"@item()?['Geography']","Batch Type":"@item()?['Batch Type']","@{outputs('FrequencyLabel')}":"@{if(equals(outputs('FrequencyLabel'),'Week'),\r\n\r\nif(equals(length(trim(item()?['PreviousW2'])),0),outputs('PreviousW2'),''),\r\n\r\nif(equals(length(trim(item()?['PreviousW2'])),0),outputs('PreviousM2'),''))}\n@{if(equals(outputs('FrequencyLabel'),'Week'),\r\n\r\nif(equals(length(trim(item()?['PreviousW2'])),0),\t\r\n\tif(equals(length(trim(item()?['PreviousW1'])),0),concat(', ', outputs('PreviousW1')),''),\r\n\tif(equals(length(trim(item()?['PreviousW1'])),0),outputs('PreviousW1'),'')),\r\n\r\nif(equals(length(trim(item()?['PreviousW2'])),0),\t\r\n\tif(equals(length(trim(item()?['PreviousW1'])),0),concat(', ', outputs('PreviousM1')),''),\r\n\tif(equals(length(trim(item()?['PreviousW1'])),0),outputs('PreviousM1'),'')))}\n@{if(equals(outputs('FrequencyLabel'),'Week'),\r\n\r\nif(or(equals(length(trim(item()?['PreviousW2'])),0)\r\n\t,equals(length(trim(item()?['PreviousW1'])),0)),\t\r\n\t\tif(equals(length(trim(item()?['LatestW'])),0),concat(', ', outputs('LatestW')),''),\r\n\t\tif(equals(length(trim(item()?['LatestW'])),0),outputs('LatestW'),'')),\r\n\r\nif(or(equals(length(trim(item()?['PreviousW2'])),0)\r\n\t,equals(length(trim(item()?['PreviousW1'])),0)),\t\r\n\t\tif(equals(length(trim(item()?['LatestW'])),0),concat(', ', outputs('LatestM')),''),\r\n\t\tif(equals(length(trim(item()?['LatestW'])),0),outputs('LatestM'),'')))}"}}}}},"Case_2":{"case":"NA","actions":{"SelectNA":{"runAfter":{},"type":"Select","inputs":{"from":"@body('NoBrazilCountry')","select":{"Report Name":"@item()?['Report Name']","Profile ID":"@item()?['Profile ID']","Geography":"@item()?['Geography']","Batch Type":"@item()?['Batch Type']","@{outputs('FrequencyLabel')}":"@{if(equals(outputs('FrequencyLabel'),'Week'),\r\n\r\nif(equals(length(trim(item()?['PreviousW2'])),0),outputs('PreviousW2'),''),\r\n\r\nif(equals(length(trim(item()?['PreviousW2'])),0),outputs('PreviousM2'),''))}\n@{if(equals(outputs('FrequencyLabel'),'Week'),\r\n\r\nif(equals(length(trim(item()?['PreviousW2'])),0),\t\r\n\tif(equals(length(trim(item()?['PreviousW1'])),0),concat(', ', outputs('PreviousW1')),''),\r\n\tif(equals(length(trim(item()?['PreviousW1'])),0),outputs('PreviousW1'),'')),\r\n\r\nif(equals(length(trim(item()?['PreviousW2'])),0),\t\r\n\tif(equals(length(trim(item()?['PreviousW1'])),0),concat(', ', outputs('PreviousM1')),''),\r\n\tif(equals(length(trim(item()?['PreviousW1'])),0),outputs('PreviousM1'),'')))}\n@{if(equals(outputs('FrequencyLabel'),'Week'),\r\n\r\nif(or(equals(length(trim(item()?['PreviousW2'])),0)\r\n\t,equals(length(trim(item()?['PreviousW1'])),0)),\t\r\n\t\tif(equals(length(trim(item()?['LatestW'])),0),concat(', ', outputs('LatestW')),''),\r\n\t\tif(equals(length(trim(item()?['LatestW'])),0),outputs('LatestW'),'')),\r\n\r\nif(or(equals(length(trim(item()?['PreviousW2'])),0)\r\n\t,equals(length(trim(item()?['PreviousW1'])),0)),\t\r\n\t\tif(equals(length(trim(item()?['LatestW'])),0),concat(', ', outputs('LatestM')),''),\r\n\t\tif(equals(length(trim(item()?['LatestW'])),0),outputs('LatestM'),'')))}"}}},"HTMLNA":{"runAfter":{"SelectNA":["Succeeded"]},"type":"Table","inputs":{"from":"@body('SelectNA')","format":"HTML"}},"CSSNA":{"runAfter":{"HTMLNA":["Succeeded"]},"type":"Compose","inputs":"<style>\ntable {\n  border: 1px solid #1C6EA4;\n  background-color: #EEEEEE;\n  width: 100%;\n  text-align: left;\n  border-collapse: collapse;\n}\ntable td, table th {\n  border: 1px solid #AAAAAA;\n  padding: 3px 2px;\n}\ntable tbody td {\n  font-size: 13px;\n}\ntable thead {\n  background: #02A0E1;\n  border-bottom: 2px solid #444444;\n}\ntable thead th {\n  font-size: 15px;\n  font-weight: bold;\n  color: #FFFFFF;\n  border-left: 2px solid #D0E4F5;\n}\ntable thead th:first-child {\n  border-left: none;\n}\n</style>\n@{body('HTMLNA')}"},"Condition_4":{"actions":{"SelectProfileIDandWeeksNA":{"runAfter":{"NA_Send_an_email_(V2)":["Succeeded"]},"type":"Select","inputs":{"from":"@body('NoBrazilCountry')","select":{"Profile ID":"@item()?['Profile ID']","PreviousW2":"@item()?['PreviousW2']","PreviousW1":"@item()?['PreviousW1']","LatestW":"@item()?['LatestW']"}}},"UniqueProfileIDandWeeksNA":{"runAfter":{"SelectProfileIDandWeeksNA":["Succeeded"]},"type":"Compose","inputs":"@array(union(body('SelectProfileIDandWeeksNA'), body('SelectProfileIDandWeeksNA')))"},"Apply_to_each_5":{"foreach":"@outputs('UniqueProfileIDandWeeksNA')","actions":{"Update_a_row_3":{"runAfter":{},"metadata":{"0153VD2F3GE7BUMQRW5NGLC6L3O2MNC5QU":"/L. Power Automate/Email Notification To Missing Reports/Email Notif Source.xlsx","tableId":"{91B078C3-6346-4882-B7DC-FCFC68EB1511}","0153VD2F343X7ZZ2R3ZVH25ON5WCWZHRVF":"/L. Power Automate/Email Notification To Missing Reports/Email Notif Source.xlsx"},"type":"OpenApiConnection","inputs":{"host":{"apiId":"/providers/Microsoft.PowerApps/apis/shared_excelonlinebusiness","connectionName":"shared_excelonlinebusiness","operationId":"PatchItem"},"parameters":{"source":"groups/805cd21f-144e-46cf-83e3-3c9ae0995e1e","drive":"b!GWMnaoZve02yhJTFdfqkQeCRatpjmZZPoOwR16ZZciWjwNKH0DFvSbHJJ8GNDd1G","file":"0153VD2F343X7ZZ2R3ZVH25ON5WCWZHRVF","table":"{91B078C3-6346-4882-B7DC-FCFC68EB1511}","idColumn":"Profile ID","id":"@items('Apply_to_each_5')?['Profile ID']","item/PreviousW2":"@if(or(empty(items('Apply_to_each_5')?['PreviousW2']),lessOrEquals(length(items('Apply_to_each_5')?['PreviousW2']),3)),'PARTNER MANAGED', items('Apply_to_each_5')?['PreviousW2'])","item/PreviousW1":"@if(or(empty(items('Apply_to_each_5')?['PreviousW1']),lessOrEquals(length(items('Apply_to_each_5')?['PreviousW1']),3)),'PARTNER MANAGED', items('Apply_to_each_5')?['PreviousW1'])","item/LatestW":"@if(or(empty(items('Apply_to_each_5')?['LatestW']),lessOrEquals(length(items('Apply_to_each_5')?['LatestW']),3)),'PARTNER MANAGED', items('Apply_to_each_5')?['LatestW'])"},"authentication":{"value":"@json(decodeBase64(triggerOutputs().headers['X-MS-APIM-Tokens']))['$ConnectionKey']","type":"Raw"}}}},"runAfter":{"UniqueProfileIDandWeeksNA":["Succeeded"]},"type":"Foreach"},"NA_Send_an_email_(V2)":{"runAfter":{},"type":"OpenApiConnection","inputs":{"host":{"apiId":"/providers/Microsoft.PowerApps/apis/shared_office365","connectionName":"shared_office365","operationId":"SendEmailV2"},"parameters":{"emailMessage/To":"@{outputs('PartnerContactItems')};","emailMessage/Subject":"[MISSING REPORTS] -  @{outputs('ReplaceCharacter1')}","emailMessage/Body":"<p>Hello,<br>\n<br>\nGood day! I hope you're doing fine.<br>\n<br>\nI would like to relay a friendly reminder on the sending of @{variables('Frequency')} @{outputs('ReplaceCharacter2')} reports.<br>\n<br>\n@{outputs('CSSNA')}<br>\n<br>\nThis is to be sent to <span style=\"color: rgb(41,105,176)\"><strong>cdm_na@lexmark.com</strong></span>.<br>\nHope to hear from you soon.<br>\n<br>\nBest Regards,<br>\n<br>\n@{variables('UserFullName')}<br>\n<span style=\"font-size: 9px\"><u><strong>GBS D2V</strong></u></span><span style=\"font-size: 9px\"> &nbsp;Data Governance<br>\nData Analyst, WW CDM</span><br>\n<br>\n<span style=\"font-size: 9px\"></span><span style=\"font-size: 9px\">@{variables('AnalystEmail')}</span><span style=\"font-size: 9px\"></span><br>\n<br>\n<span style=\"font-size: 9px\"><em><strong>We value your feedback! Please share your experience by &nbsp;sending an email directly to my<br>\nManager - &nbsp;</strong></em></span><span style=\"font-size: 9px\"><u>richelle.amatong@lexmark.com</u></span><span style=\"font-size: 9px\"><em><strong><br>\n<br>\nFor a timely response on requests, questions, or issues, please log a ticket in &nbsp;</strong></em></span><span style=\"font-size: 9px; color: rgb(41,105,176)\"><u><em><strong>ServiceNow.</strong></em></u></span><span style=\"font-size: 9px; color: rgb(41,105,176)\"><em><strong>&nbsp;</strong></em></span></p>","emailMessage/From":"@variables('CDMuser')","emailMessage/Cc":"ChannelDataManagement.Cebu@lexmark.com;luisvictor.cabrera@lexmark.com;joceylen.pulvera@lexmark.com","emailMessage/Importance":"Normal"},"authentication":{"value":"@json(decodeBase64(triggerOutputs().headers['X-MS-APIM-Tokens']))['$ConnectionKey']","type":"Raw"}}}},"runAfter":{"CSSNA":["Succeeded"]},"expression":{"greater":["@length(body('NoBrazilCountry'))",0]},"type":"If"}}},"Case_3":{"case":"LAD","actions":{"CSSLAD":{"runAfter":{"HTMLLAD":["Succeeded"]},"type":"Compose","inputs":"<style>\ntable {\n  border: 1px solid #1C6EA4;\n  background-color: #EEEEEE;\n  width: 100%;\n  text-align: left;\n  border-collapse: collapse;\n}\ntable td, table th {\n  border: 1px solid #AAAAAA;\n  padding: 3px 2px;\n}\ntable tbody td {\n  font-size: 13px;\n}\ntable thead {\n  background: #02A0E1;\n  border-bottom: 2px solid #444444;\n}\ntable thead th {\n  font-size: 15px;\n  font-weight: bold;\n  color: #FFFFFF;\n  border-left: 2px solid #D0E4F5;\n}\ntable thead th:first-child {\n  border-left: none;\n}\n</style>\n@{body('HTMLLAD')}"},"Condition_5":{"actions":{"SelectProfileIDandWeeksLAD":{"runAfter":{"LAD_Send_an_email_(V2)":["Succeeded"]},"type":"Select","inputs":{"from":"@body('NoBrazilCountry')","select":{"Profile ID":"@item()?['Profile ID']","PreviousW2":"@item()?['PreviousW2']","PreviousW1":"@item()?['PreviousW1']","LatestW":"@item()?['LatestW']"}}},"UniqueProfileIDandWeeksLAD":{"runAfter":{"SelectProfileIDandWeeksLAD":["Succeeded"]},"type":"Compose","inputs":"@array(union(body('SelectProfileIDandWeeksLAD'), body('SelectProfileIDandWeeksLAD')))"},"Apply_to_each_6":{"foreach":"@body('SelectProfileIDandWeeksLAD')","actions":{"Update_a_row_4":{"runAfter":{},"metadata":{"0153VD2F3GE7BUMQRW5NGLC6L3O2MNC5QU":"/L. Power Automate/Email Notification To Missing Reports/Email Notif Source.xlsx","tableId":"{91B078C3-6346-4882-B7DC-FCFC68EB1511}","0153VD2F343X7ZZ2R3ZVH25ON5WCWZHRVF":"/L. Power Automate/Email Notification To Missing Reports/Email Notif Source.xlsx"},"type":"OpenApiConnection","inputs":{"host":{"apiId":"/providers/Microsoft.PowerApps/apis/shared_excelonlinebusiness","connectionName":"shared_excelonlinebusiness","operationId":"PatchItem"},"parameters":{"source":"groups/805cd21f-144e-46cf-83e3-3c9ae0995e1e","drive":"b!GWMnaoZve02yhJTFdfqkQeCRatpjmZZPoOwR16ZZciWjwNKH0DFvSbHJJ8GNDd1G","file":"0153VD2F343X7ZZ2R3ZVH25ON5WCWZHRVF","table":"{91B078C3-6346-4882-B7DC-FCFC68EB1511}","idColumn":"Profile ID","id":"@items('Apply_to_each_6')?['Profile ID']","item/PreviousW2":"@if(or(empty(items('Apply_to_each_6')?['PreviousW2']),lessOrEquals(length(items('Apply_to_each_6')?['PreviousW2']),3)),'PARTNER MANAGED', items('Apply_to_each_6')?['PreviousW2'])","item/PreviousW1":"@if(or(empty(items('Apply_to_each_6')?['PreviousW1']),lessOrEquals(length(items('Apply_to_each_6')?['PreviousW1']),3)),'PARTNER MANAGED', items('Apply_to_each_6')?['PreviousW1'])","item/LatestW":"@if(or(empty(items('Apply_to_each_6')?['LatestW']),lessOrEquals(length(items('Apply_to_each_6')?['LatestW']),3)),'PARTNER MANAGED', items('Apply_to_each_6')?['LatestW'])"},"authentication":{"value":"@json(decodeBase64(triggerOutputs().headers['X-MS-APIM-Tokens']))['$ConnectionKey']","type":"Raw"}}}},"runAfter":{"UniqueProfileIDandWeeksLAD":["Succeeded"]},"type":"Foreach"},"LAD_Send_an_email_(V2)":{"runAfter":{},"type":"OpenApiConnection","inputs":{"host":{"apiId":"/providers/Microsoft.PowerApps/apis/shared_office365","connectionName":"shared_office365","operationId":"SendEmailV2"},"parameters":{"emailMessage/To":"@{outputs('PartnerContactItems')};","emailMessage/Subject":"Solicitud de los reportes de @{outputs('ReplaceCharacter1')}","emailMessage/Body":"<p>Hola,<br>\n<br>\nBuenos días.<br>\n<br>\nEsto es para solicitar los reportes de ventas e inventario actual.<br>\n<br>\n@{outputs('CSSLAD')}<br>\n<br>\nPor favor, envienolos directamente al portal de <span style=\"color: rgb(41,105,176)\"><strong>cdm_la@lexmark.com</strong></span>.<br>\n<br>\nGracias,<br>\n<br>\n@{variables('UserFullName')}<br>\n<span style=\"font-size: 9px\"><u><strong>GBS D2V</strong></u></span><span style=\"font-size: 9px\"> &nbsp;Data Governance<br>\nData Analyst, WW CDM<br>\n<br>\n</span><span style=\"font-size: 9px\">@{variables('AnalystEmail')}</span><span style=\"font-size: 9px\"><br>\n<br>\n</span><span style=\"font-size: 9px\"><em><strong>We value your feedback! Please share your experience by &nbsp;sending an email directly to my<br>\nManager - &nbsp;</strong></em></span><span style=\"font-size: 9px\"><u>richelle.amatong@lexmark.com</u></span><span style=\"font-size: 9px\"><em><strong><br>\n<br>\nFor a timely response on requests, questions, or issues, please log a ticket in &nbsp;</strong></em></span><span style=\"font-size: 9px; color: rgb(41,105,176)\"><u><em><strong>ServiceNow.</strong></em></u></span><span style=\"font-size: 9px; color: rgb(41,105,176)\"><em><strong>&nbsp;</strong></em></span></p>","emailMessage/From":"@variables('CDMuser')","emailMessage/Cc":"ChannelDataManagement.Cebu@lexmark.com;anelyn.gualiza@lexmark.com;yuri.guevara@lexmark.com;alison.garavitolozano@lexmark.com;dayana.mendez@lexmark.com","emailMessage/Importance":"Normal"},"authentication":{"value":"@json(decodeBase64(triggerOutputs().headers['X-MS-APIM-Tokens']))['$ConnectionKey']","type":"Raw"}}}},"runAfter":{"CSSLAD":["Succeeded"]},"expression":{"greater":["@length(body('NoBrazilCountry'))",0]},"type":"If"},"SelectLAD":{"runAfter":{},"type":"Select","inputs":{"from":"@body('NoBrazilCountry')","select":{"Report Name":"@item()?['Report Name']","Profile ID":"@item()?['Profile ID']","Geography":"@item()?['Geography']","Batch Type":"@item()?['Batch Type']","@{outputs('FrequencyLabel')}":"@{if(equals(outputs('FrequencyLabel'),'Week'),\r\n\r\nif(equals(length(trim(item()?['PreviousW2'])),0),outputs('PreviousW2'),''),\r\n\r\nif(equals(length(trim(item()?['PreviousW2'])),0),outputs('PreviousM2'),''))}\n@{if(equals(outputs('FrequencyLabel'),'Week'),\r\n\r\nif(equals(length(trim(item()?['PreviousW2'])),0),\t\r\n\tif(equals(length(trim(item()?['PreviousW1'])),0),concat(', ', outputs('PreviousW1')),''),\r\n\tif(equals(length(trim(item()?['PreviousW1'])),0),outputs('PreviousW1'),'')),\r\n\r\nif(equals(length(trim(item()?['PreviousW2'])),0),\t\r\n\tif(equals(length(trim(item()?['PreviousW1'])),0),concat(', ', outputs('PreviousM1')),''),\r\n\tif(equals(length(trim(item()?['PreviousW1'])),0),outputs('PreviousM1'),'')))}\n@{if(equals(outputs('FrequencyLabel'),'Week'),\r\n\r\nif(or(equals(length(trim(item()?['PreviousW2'])),0)\r\n\t,equals(length(trim(item()?['PreviousW1'])),0)),\t\r\n\t\tif(equals(length(trim(item()?['LatestW'])),0),concat(', ', outputs('LatestW')),''),\r\n\t\tif(equals(length(trim(item()?['LatestW'])),0),outputs('LatestW'),'')),\r\n\r\nif(or(equals(length(trim(item()?['PreviousW2'])),0)\r\n\t,equals(length(trim(item()?['PreviousW1'])),0)),\t\r\n\t\tif(equals(length(trim(item()?['LatestW'])),0),concat(', ', outputs('LatestM')),''),\r\n\t\tif(equals(length(trim(item()?['LatestW'])),0),outputs('LatestM'),'')))}"}}},"HTMLLAD":{"runAfter":{"SelectLAD":["Succeeded"]},"type":"Table","inputs":{"from":"@body('SelectLAD')","format":"HTML"}}}}},"default":{"actions":{}},"expression":"@items('Level1_Geography')?['Geography']","metadata":{"operationMetadataId":"baeb61a8-58b9-4a0c-a7a8-464eb162d5eb"},"type":"Switch"},"BatchTypeGeo":{"runAfter":{"ReporterName":["Succeeded"]},"metadata":{"operationMetadataId":"a741b78a-362d-4bd1-bffb-6e5af255e6c2"},"type":"Select","inputs":{"from":"@body('NoBrazilCountry')","select":{"BatchType":"@item()?['Batch Type']"}}},"UniqueBatchTypeGeo":{"runAfter":{"BatchTypeGeo":["Succeeded"]},"metadata":{"operationMetadataId":"d18e6ce3-0b7b-4f9f-aa88-ee265e905f5c"},"type":"Compose","inputs":"@union(body('BatchTypeGeo'),body('BatchTypeGeo'))"},"ReplaceCharacter2":{"runAfter":{"ReplaceCharacter1":["Succeeded"]},"metadata":{"operationMetadataId":"7bd5fa88-8ad0-470a-923d-d0f44c701b3c"},"type":"Compose","inputs":"@replace(\r\n\t\t\treplace(join(outputs('UniqueBatchTypeGeo'), ' & '), \r\n\t\t\t'{\"BatchType\":\"',\r\n\t\t\t''),\r\n\t\t'\"}',\r\n\t\t'')"},"ReplaceCharacter1":{"runAfter":{"UniqueReporterNameGeo":["Succeeded"]},"metadata":{"operationMetadataId":"4ac4fd1a-8741-4d2a-9a09-79a3204d64e9"},"type":"Compose","inputs":"@replace(\r\n\t\t\treplace(join(outputs('UniqueReporterNameGeo'), ' / '), \r\n\t\t\t'{\"ReportName\":\"',\r\n\t\t\t''),\r\n\t\t'\"}',\r\n\t\t'')"},"UniqueReporterNameGeo":{"runAfter":{"UniqueBatchTypeGeo":["Succeeded"]},"metadata":{"operationMetadataId":"3f69269c-fb97-4dd3-a388-2e6a40b4ba0c"},"type":"Compose","inputs":"@union(body('ReporterName'),body('ReporterName'))"},"ReporterName":{"runAfter":{"NoBrazilCountry":["Succeeded"]},"metadata":{"operationMetadataId":"e615ab4f-0767-4e6d-9722-fbe9f64f81a3"},"type":"Select","inputs":{"from":"@body('NoBrazilCountry')","select":{"ReportName":"@item()?['Report Name']"}}}},"runAfter":{"FilteredByPartnerContact":["Succeeded"]},"metadata":{"operationMetadataId":"817dd56f-aded-4a1d-b02f-8f6c9ab6e1df"},"type":"Scope"}},"runAfter":{"FilteredByGeography":["Succeeded"]},"metadata":{"operationMetadataId":"eac443a9-a552-41e3-b115-a61b372afeb0"},"type":"Foreach"}},"runAfter":{"Week_Variable":["Succeeded"]},"metadata":{"operationMetadataId":"4156f8b3-81c3-4cd6-a8c2-dc73b41096fa"},"type":"Foreach"},"varArrayCountry":{"runAfter":{"varArrayPartContact":["Succeeded"]},"metadata":{"operationMetadataId":"91683b3d-3ae6-4c07-b2dd-1ced390c0d5d"},"type":"InitializeVariable","inputs":{"variables":[{"name":"UniqueCountry","type":"array","value":"@outputs('UniqueCountry')"}]}},"FrequencyLabel":{"runAfter":{"varArrayCountry":["Succeeded"]},"metadata":{"operationMetadataId":"f033514f-88b5-4783-b795-f2cf52ab56cb"},"type":"Compose","inputs":"@if(equals(variables('Frequency'),'Weekly'),'Week','Month')"},"Month_Variable":{"actions":{"LatestM":{"runAfter":{},"metadata":{"operationMetadataId":"1b517b2b-b512-4829-a7c6-568295eb1e12"},"type":"Compose","inputs":"@addToTime(utcNow(),-1,'month','MMM yyyy')"},"PreviousM1":{"runAfter":{"LatestM":["Succeeded"]},"metadata":{"operationMetadataId":"c4d6bfcf-aebc-45d2-9254-121e48b9299e"},"type":"Compose","inputs":"@addToTime(utcNow(),-2,'month','MMM yyyy')"},"PreviousM2":{"runAfter":{"PreviousM1":["Succeeded"]},"metadata":{"operationMetadataId":"70261994-8abe-4074-8ef6-18b210686b63"},"type":"Compose","inputs":"@addToTime(utcNow(),-3,'month','MMM yyyy')"}},"runAfter":{"FrequencyLabel":["Succeeded"]},"metadata":{"operationMetadataId":"40e4878c-dc81-441f-af4f-9376b0bf3bc1"},"type":"Scope"},"Week_Variable":{"actions":{"LatestW":{"runAfter":{},"metadata":{"operationMetadataId":"c1425fba-0162-4671-bcbd-7d2a3dd4949c"},"type":"Compose","inputs":"Week @{add(div(dayOfYear(addDays(utcNow(),-8)),7),1)} (@{formatDateTime(subtractFromTime(addDays(utcNow(),-7), dayOfWeek(addDays(utcNow(),-7)), 'Day'), 'MMM d')} - @{addDays(addDays(utcNow(),-7),add(6,mul(dayOfWeek(addDays(utcNow(),-7)),-1)),'MMM d')})"},"PreviousW2":{"runAfter":{"PreviousW1":["Succeeded"]},"metadata":{"operationMetadataId":"15dac42f-4913-4ae1-a979-d018a8d47cd7"},"type":"Compose","inputs":"Week @{add(div(dayOfYear(addDays(utcNow(),-22)),7),1)} (@{formatDateTime(subtractFromTime(addDays(utcNow(),-21), dayOfWeek(addDays(utcNow(),-21)), 'Day'), 'MMM d')} - @{addDays(addDays(utcNow(),-21),add(6,mul(dayOfWeek(addDays(utcNow(),-21)),-1)),'MMM d')})"},"PreviousW1":{"runAfter":{"LatestW":["Succeeded"]},"metadata":{"operationMetadataId":"8db0fecd-d2c3-4857-8ce7-362bc2c0ccb1"},"type":"Compose","inputs":"Week @{add(div(dayOfYear(addDays(utcNow(),-15)),7),1)} (@{formatDateTime(subtractFromTime(addDays(utcNow(),-14), dayOfWeek(addDays(utcNow(),-14)), 'Day'), 'MMM d')} - @{addDays(addDays(utcNow(),-14),add(6,mul(dayOfWeek(addDays(utcNow(),-14)),-1)),'MMM d')})"}},"runAfter":{"Month_Variable":["Succeeded"]},"metadata":{"operationMetadataId":"43b56ba9-b8a0-4838-91aa-33f3f1ba78f6"},"type":"Scope"},"Trim_Subject_and_User_Name":{"runAfter":{"Trim_Body_and_Analyst_Email":["Succeeded"]},"metadata":{"operationMetadataId":"8c4c029c-e435-436e-9cff-9f6ecd936419"},"type":"InitializeVariable","inputs":{"variables":[{"name":"UserFullName","type":"string","value":"@{trim(replace(replace(triggerBody()['Sendanemail(V2)_Subject'],variables('AnalystEmail'),''),'/',''))}"}]}},"GetUniqueValues":{"actions":{"PartnerContact":{"runAfter":{},"metadata":{"operationMetadataId":"9e9ca8a0-8e70-4e69-8a16-6c4a77ddf116"},"type":"Select","inputs":{"from":"@body('Dataset')","select":{"Partner Contact Email":"@item()?['PartnerContacts']"}}},"UniquePartnerContact":{"runAfter":{"PartnerContact":["Succeeded"]},"metadata":{"operationMetadataId":"e785be6c-1d3f-483d-a1b7-ccd5c78885fc"},"type":"Compose","inputs":"@union(body('PartnerContact'),body('PartnerContact'))"},"Geography":{"runAfter":{"UniquePartnerContact":["Succeeded"]},"metadata":{"operationMetadataId":"ae2a17c1-2fd4-46cf-8eb5-7253032bd926"},"type":"Select","inputs":{"from":"@body('Dataset')","select":{"Geography":"@item()?['Geography']"}}},"UniqueGeorpraphy":{"runAfter":{"Geography":["Succeeded"]},"metadata":{"operationMetadataId":"47e38670-5eb3-4b10-a289-3b29c3d92fef"},"type":"Compose","inputs":"@union(body('Geography'),body('Geography'))"},"Country":{"runAfter":{"UniqueGeorpraphy":["Succeeded"]},"metadata":{"operationMetadataId":"4639a96b-ffb4-45e1-a441-f672301219ab"},"type":"Select","inputs":{"from":"@body('Dataset')","select":{"Country":"@item()?['Country']"}}},"UniqueCountry":{"runAfter":{"Country":["Succeeded"]},"metadata":{"operationMetadataId":"1e9e3fc6-d862-4fe0-ac33-1e43eaa30964"},"type":"Compose","inputs":"@union(body('Country'),body('Country'))"}},"runAfter":{"Dataset":["Succeeded"]},"metadata":{"operationMetadataId":"e8cf33fe-1efd-4986-923a-67d2629ab445"},"type":"Scope"},"EmailTrigger":{"runAfter":{"PowerApp_Input2":["Succeeded"]},"metadata":{"operationMetadataId":"20b88893-a782-43ea-a9f7-d096fa5ae35f"},"type":"InitializeVariable","inputs":{"variables":[{"name":"CDMuser","type":"string","value":"@{trim(replace(replace(triggerBody()['Sendanemail(V2)_Body'],'Weekly-',''),'Monthly-',''))}"}]}},"Send_an_email_(V2)":{"runAfter":{"Trim_Subject_and_User_Name":["Succeeded"]},"metadata":{"operationMetadataId":"eb181747-3685-404c-8acc-62e46e4a5b67"},"type":"OpenApiConnection","inputs":{"host":{"apiId":"/providers/Microsoft.PowerApps/apis/shared_office365","connectionName":"shared_office365","operationId":"SendEmailV2"},"parameters":{"emailMessage/To":"@variables('AnalystEmail')","emailMessage/Subject":"Batch Email Trigger","emailMessage/Body":"<p>Hello @{variables('UserFullName')},<br>\n<br>\nYou have sucesssfuly trigger send batch email to different recipient.</p>","emailMessage/Importance":"Normal"},"authentication":{"value":"@json(decodeBase64(triggerOutputs().headers['X-MS-APIM-Tokens']))['$ConnectionKey']","type":"Raw"}}},"Trim_Body_and_Analyst_Email":{"runAfter":{"Initialize_variable_2":["Succeeded"]},"metadata":{"operationMetadataId":"804326cf-d00a-46e3-bee5-33dab8f2302b"},"type":"InitializeVariable","inputs":{"variables":[{"name":"AnalystEmail","type":"string","value":"@{trim(substring(triggerBody()['Sendanemail(V2)_Subject'],0,indexof(triggerBody()['Sendanemail(V2)_Subject'],'/')))}"}]}},"Initialize_variable":{"runAfter":{},"metadata":{"operationMetadataId":"6e297a17-9b41-49c1-87d6-3c03af1e1fd7"},"type":"InitializeVariable","inputs":{"variables":[{"name":"OrigSubject","type":"string","value":"@triggerBody()['Sendanemail(V2)_Subject']"}]}},"Initialize_variable_2":{"runAfter":{"Initialize_variable":["Succeeded"]},"metadata":{"operationMetadataId":"377c3a95-e312-4417-8501-658b2351e3f7"},"type":"InitializeVariable","inputs":{"variables":[{"name":"OrigBody","type":"string","value":"@triggerBody()['Sendanemail(V2)_Body']"}]}}},"outputs":{},"description":"Click a button in a Power Apps application to send a email to a specified email address."},"connectionReferences":{"shared_excelonlinebusiness":{"connectionName":"cb5749c5be4e4e7bb8728056f271b456","source":"Invoker","id":"/providers/Microsoft.PowerApps/apis/shared_excelonlinebusiness","tier":"NotSpecified"},"shared_office365":{"connectionName":"shared-office365-94a6cd7d-3787-42a3-957f-52275aaf0138","source":"Invoker","id":"/providers/Microsoft.PowerApps/apis/shared_office365","tier":"NotSpecified"}},"flowFailureAlertSubscribed":false,"isManaged":false}}