{"name":"98075155-c634-4079-842d-7bf68b3fd268","id":"/providers/Microsoft.Flow/flows/98075155-c634-4079-842d-7bf68b3fd268","type":"Microsoft.Flow/flows","properties":{"apiId":"/providers/Microsoft.PowerApps/apis/shared_logicflows","displayName":"[DX - New Onboard] - Reminder to New Hires","definition":{"metadata":{"workflowEntityId":null,"processAdvisorMetadata":null,"flowChargedByPaygo":null,"flowclientsuspensionreason":"None","flowclientsuspensiontime":null,"flowclientsuspensionreasondetails":null,"creator":{"id":"d0b6b7c4-a439-48fc-ae95-864f1da9cf31","type":"User","tenantId":"12709065-6e6c-41c9-9e4d-fb0a436969ce"},"provisioningMethod":"FromDefinition","failureAlertSubscription":true,"clientLastModifiedTime":"2023-11-03T05:57:27.3788085Z","connectionKeySavedTimeKey":"2023-10-13T10:19:49.6704653Z"},"$schema":"https://schema.management.azure.com/providers/Microsoft.Logic/schemas/2016-06-01/workflowdefinition.json#","contentVersion":"1.0.0.0","parameters":{"$connections":{"defaultValue":{},"type":"Object"},"$authentication":{"defaultValue":{},"type":"SecureObject"}},"triggers":{"Recurrence":{"recurrence":{"frequency":"Week","interval":1,"timeZone":"China Standard Time","schedule":{"weekDays":["Monday","Wednesday","Friday"],"hours":["13","18","22"]}},"metadata":{"operationMetadataId":"951249e7-6415-4f3e-a825-a91f9b8ddc83"},"type":"Recurrence"}},"actions":{"Apply_to_each_2":{"foreach":"@body('Filter_array')","actions":{"varNewHireEmail":{"runAfter":{},"metadata":{"operationMetadataId":"56ebc6e2-5876-4f01-afcd-3b6b32b076e0"},"type":"Compose","inputs":"@items('Apply_to_each_2')?['FullName/Email']"},"varManagerEmail":{"runAfter":{"varNewHireEmail":["Succeeded"]},"metadata":{"operationMetadataId":"47c87983-08cc-4cde-b05d-9b467c879041"},"type":"Compose","inputs":"@items('Apply_to_each_2')?['ManagerName/Email']"},"Send_an_email_(V2)":{"runAfter":{"varManagerEmail":["Succeeded"]},"metadata":{"operationMetadataId":"aff810e3-178d-4361-82e9-ca47670df735"},"type":"OpenApiConnection","inputs":{"host":{"apiId":"/providers/Microsoft.PowerApps/apis/shared_office365","connectionName":"shared_office365_1","operationId":"SendEmailV2"},"parameters":{"emailMessage/To":"@outputs('varNewHireEmail')","emailMessage/Subject":"[REMINDER ONLY] - DX Onboarding Training","emailMessage/Body":"<p><br>\nDear @{items('Apply_to_each_2')?['FullName/DisplayName']},<br>\n<br>\nHope all is well with you today!<br>\n<br>\nJust a friendly reminder that your DX Onboarding Percipio Training Course is due on @{formatDateTime(addDays(items('Apply_to_each_2')?['OnboardDate'],30), 'MM-dd-yyyy')}.<br>\n<br>\nOnce completed, kindly save your certificate in this link&nbsp;<a href=\"https://lexmarkad.sharepoint.com/:f:/r/sites/AnalyticsGovOnOffBoardingDocumentation/Shared%20Documents/General/01.%20On-Boarding/5.%20Percipio%20Training%20Courses/DX%20Completion%20Certificate?csf=1&amp;web=1&amp;e=PttLrz\"><strong>DX Completion Certificate</strong></a>.<br>\n&nbsp;<br>\nThe course has been added to your \"Library\" in <a href=\"https://lexlearn.percipio.com/\"><strong>LexLearn</strong></a>. You may also click on this link:<br>\n<a href=\"https://lexlearn.percipio.com/journey/d460a04f-25d3-4168-b39e-bcf1a22b1d35\"><strong>Percipio Journey DX Onboarding Journey</strong></a><br>\n<br>\nThank you,<br>\n<br>\n<br>\nRichelle H. Amatong<br>\nGBS D2V &nbsp;Data Governance<br>\nManager, WW Channel Data Management<br>\n<br>\nM +63 919 065 4002<br>\nrichelle.amatong@lexmark.com<br>\n<br>\n</p>","emailMessage/From":"richelle.amatong@lexmark.com","emailMessage/Bcc":"kentviper.ybanez@lexmark.com;aljanry.gabon@lexmark.com","emailMessage/Importance":"Normal"},"authentication":"@parameters('$authentication')"}},"Update_item_2":{"runAfter":{"Send_an_email_(V2)":["Succeeded"]},"metadata":{"operationMetadataId":"f63e358a-ff61-46e1-9b4c-fe90f27cc701"},"type":"OpenApiConnection","inputs":{"host":{"apiId":"/providers/Microsoft.PowerApps/apis/shared_sharepointonline","connectionName":"shared_sharepointonline","operationId":"PatchItem"},"parameters":{"dataset":"https://lexmarkad.sharepoint.com/sites/DX_OnboardingSP","table":"1d6486bd-d17f-4a31-92cd-43b99b9c4af7","id":"@items('Apply_to_each_2')?['ID']","item/OnboardDate":"@items('Apply_to_each_2')?['OnboardDate']","item/IsDeleted/Value":"No","item/Completion_x0020_Reminder":"@formatDateTime(utcNow(), 'MM-dd-yyyy')"},"authentication":"@parameters('$authentication')"}}},"runAfter":{"Filter_array":["Succeeded"]},"metadata":{"operationMetadataId":"088357c8-9292-484a-92dd-412c4747f083"},"type":"Foreach"},"Delay":{"runAfter":{"Get_items":["Succeeded"]},"metadata":{"operationMetadataId":"5d6343bc-81ae-4ff1-8e5f-9351692d8003"},"type":"Wait","inputs":{"interval":{"count":5,"unit":"Second"}}},"Filter_array":{"runAfter":{"Delay":["Succeeded"]},"metadata":{"operationMetadataId":"8885a316-205d-4335-a78c-31a4071bc6ba"},"type":"Query","inputs":{"from":"@outputs('Get_items')?['body/value']","where":"@and(equals(item()?['Completion_x0020_Reminder'], null),greater(int(item()?['WelcomeToDay']), 25))"}},"Get_items":{"runAfter":{},"metadata":{"operationMetadataId":"53141b7c-a747-4590-ae1f-ee1514230839"},"type":"OpenApiConnection","inputs":{"host":{"apiId":"/providers/Microsoft.PowerApps/apis/shared_sharepointonline","connectionName":"shared_sharepointonline","operationId":"GetItems"},"parameters":{"dataset":"https://lexmarkad.sharepoint.com/sites/DX_OnboardingSP","table":"1d6486bd-d17f-4a31-92cd-43b99b9c4af7","$filter":"FullName ne ''"},"authentication":"@parameters('$authentication')"}}}},"connectionReferences":{"shared_office365_1":{"connectionName":"shared-office365-b1499d4f-c7ab-43c8-9f58-3bc8382eeac2","source":"Embedded","id":"/providers/Microsoft.PowerApps/apis/shared_office365","tier":"NotSpecified"},"shared_sharepointonline":{"connectionName":"08a9379456854ffabd4ccc51171ef295","source":"Embedded","id":"/providers/Microsoft.PowerApps/apis/shared_sharepointonline","tier":"NotSpecified"}},"flowFailureAlertSubscribed":false,"isManaged":false}}